Period,Period1,Type,Revision,Location,Integrated,Values
01-01-24,Jan-24,FTE,V32,Almaty,All,2.00
01-01-24,Jan-24,FTE,V32,Almaty,Integrated,0.00
01-01-24,Jan-24,FTE,V32,Almaty,Non-Integrated,2.00
01-01-24,Jan-24,FTE,V32,Atyrau,All,130.89
01-01-24,Jan-24,FTE,V32,Atyrau,Integrated,13.00
01-01-24,Jan-24,FTE,V32,Atyrau,Non-Integrated,117.89
01-01-24,Jan-24,FTE,V32,Farnborough,All,25.39
01-01-24,Jan-24,FTE,V32,Farnborough,Integrated,0.85
01-01-24,Jan-24,FTE,V32,Farnborough,Non-Integrated,24.54
01-01-24,Jan-24,FTE,V32,New Delhi,All,0.50
01-01-24,Jan-24,FTE,V32,New Delhi,Integrated,0.00
01-01-24,Jan-24,FTE,V32,New Delhi,Non-Integrated,0.50
01-01-24,Jan-24,FTE,V32,Offshore Other,All,0.10
01-01-24,Jan-24,FTE,V32,Offshore Other,Integrated,0.00
01-01-24,Jan-24,FTE,V32,Offshore Other,Non-Integrated,0.10
01-01-24,Jan-24,FTE,V32,Tengiz,All,154.00
01-01-24,Jan-24,FTE,V32,Tengiz,Integrated,117.50
01-01-24,Jan-24,FTE,V32,Tengiz,Non-Integrated,36.50
02-01-24,Feb-24,FTE,V32,Almaty,All,2.00
02-01-24,Feb-24,FTE,V32,Almaty,Integrated,0.00
02-01-24,Feb-24,FTE,V32,Almaty,Non-Integrated,2.00
02-01-24,Feb-24,FTE,V32,Atyrau,All,129.00
02-01-24,Feb-24,FTE,V32,Atyrau,Integrated,13.00
02-01-24,Feb-24,FTE,V32,Atyrau,Non-Integrated,116.00
02-01-24,Feb-24,FTE,V32,Farnborough,All,25.39
02-01-24,Feb-24,FTE,V32,Farnborough,Integrated,0.85
02-01-24,Feb-24,FTE,V32,Farnborough,Non-Integrated,24.54
02-01-24,Feb-24,FTE,V32,New Delhi,All,0.50
02-01-24,Feb-24,FTE,V32,New Delhi,Integrated,0.00
02-01-24,Feb-24,FTE,V32,New Delhi,Non-Integrated,0.50
02-01-24,Feb-24,FTE,V32,Offshore Other,All,0.10
02-01-24,Feb-24,FTE,V32,Offshore Other,Integrated,0.00
02-01-24,Feb-24,FTE,V32,Offshore Other,Non-Integrated,0.10
02-01-24,Feb-24,FTE,V32,Tengiz,All,151.50
02-01-24,Feb-24,FTE,V32,Tengiz,Integrated,116.00
02-01-24,Feb-24,FTE,V32,Tengiz,Non-Integrated,35.50
03-01-24,Mar-24,FTE,V32,Almaty,All,2.00
03-01-24,Mar-24,FTE,V32,Almaty,Integrated,0.00
03-01-24,Mar-24,FTE,V32,Almaty,Non-Integrated,2.00
03-01-24,Mar-24,FTE,V32,Atyrau,All,120.00
03-01-24,Mar-24,FTE,V32,Atyrau,Integrated,13.00
03-01-24,Mar-24,FTE,V32,Atyrau,Non-Integrated,107.00
03-01-24,Mar-24,FTE,V32,Farnborough,All,24.50
03-01-24,Mar-24,FTE,V32,Farnborough,Integrated,0.85
03-01-24,Mar-24,FTE,V32,Farnborough,Non-Integrated,23.65
03-01-24,Mar-24,FTE,V32,New Delhi,All,0.50
03-01-24,Mar-24,FTE,V32,New Delhi,Integrated,0.00
03-01-24,Mar-24,FTE,V32,New Delhi,Non-Integrated,0.50
03-01-24,Mar-24,FTE,V32,Offshore Other,All,0.10
03-01-24,Mar-24,FTE,V32,Offshore Other,Integrated,0.00
03-01-24,Mar-24,FTE,V32,Offshore Other,Non-Integrated,0.10
03-01-24,Mar-24,FTE,V32,Tengiz,All,144.50
03-01-24,Mar-24,FTE,V32,Tengiz,Integrated,113.00
03-01-24,Mar-24,FTE,V32,Tengiz,Non-Integrated,31.50
04-01-24,Apr-24,FTE,V32,Almaty,All,2.00
04-01-24,Apr-24,FTE,V32,Almaty,Integrated,0.00
04-01-24,Apr-24,FTE,V32,Almaty,Non-Integrated,2.00
04-01-24,Apr-24,FTE,V32,Atyrau,All,112.00
04-01-24,Apr-24,FTE,V32,Atyrau,Integrated,10.00
04-01-24,Apr-24,FTE,V32,Atyrau,Non-Integrated,102.00
04-01-24,Apr-24,FTE,V32,Farnborough,All,22.56
04-01-24,Apr-24,FTE,V32,Farnborough,Integrated,0.25
04-01-24,Apr-24,FTE,V32,Farnborough,Non-Integrated,22.31
04-01-24,Apr-24,FTE,V32,New Delhi,All,0.50
04-01-24,Apr-24,FTE,V32,New Delhi,Integrated,0.00
04-01-24,Apr-24,FTE,V32,New Delhi,Non-Integrated,0.50
04-01-24,Apr-24,FTE,V32,Offshore Other,All,0.10
04-01-24,Apr-24,FTE,V32,Offshore Other,Integrated,0.00
04-01-24,Apr-24,FTE,V32,Offshore Other,Non-Integrated,0.10
04-01-24,Apr-24,FTE,V32,Tengiz,All,110.00
04-01-24,Apr-24,FTE,V32,Tengiz,Integrated,91.00
04-01-24,Apr-24,FTE,V32,Tengiz,Non-Integrated,19.00
05-01-24,May-24,FTE,V32,Almaty,All,1.00
05-01-24,May-24,FTE,V32,Almaty,Integrated,0.00
05-01-24,May-24,FTE,V32,Almaty,Non-Integrated,1.00
05-01-24,May-24,FTE,V32,Atyrau,All,94.00
05-01-24,May-24,FTE,V32,Atyrau,Integrated,10.00
05-01-24,May-24,FTE,V32,Atyrau,Non-Integrated,84.00
05-01-24,May-24,FTE,V32,Farnborough,All,20.58
05-01-24,May-24,FTE,V32,Farnborough,Integrated,0.25
05-01-24,May-24,FTE,V32,Farnborough,Non-Integrated,20.33
05-01-24,May-24,FTE,V32,New Delhi,All,0.50
05-01-24,May-24,FTE,V32,New Delhi,Integrated,0.00
05-01-24,May-24,FTE,V32,New Delhi,Non-Integrated,0.50
05-01-24,May-24,FTE,V32,Offshore Other,All,0.10
05-01-24,May-24,FTE,V32,Offshore Other,Integrated,0.00
05-01-24,May-24,FTE,V32,Offshore Other,Non-Integrated,0.10
05-01-24,May-24,FTE,V32,Tengiz,All,105.00
05-01-24,May-24,FTE,V32,Tengiz,Integrated,90.00
05-01-24,May-24,FTE,V32,Tengiz,Non-Integrated,15.00
06-01-24,Jun-24,FTE,V32,Almaty,All,1.00
06-01-24,Jun-24,FTE,V32,Almaty,Integrated,0.00
06-01-24,Jun-24,FTE,V32,Almaty,Non-Integrated,1.00
06-01-24,Jun-24,FTE,V32,Atyrau,All,72.00
06-01-24,Jun-24,FTE,V32,Atyrau,Integrated,10.00
06-01-24,Jun-24,FTE,V32,Atyrau,Non-Integrated,62.00
06-01-24,Jun-24,FTE,V32,Farnborough,All,14.93
06-01-24,Jun-24,FTE,V32,Farnborough,Integrated,0.25
06-01-24,Jun-24,FTE,V32,Farnborough,Non-Integrated,14.68
06-01-24,Jun-24,FTE,V32,New Delhi,All,0.00
06-01-24,Jun-24,FTE,V32,New Delhi,Integrated,0.00
06-01-24,Jun-24,FTE,V32,New Delhi,Non-Integrated,0.00
06-01-24,Jun-24,FTE,V32,Offshore Other,All,0.00
06-01-24,Jun-24,FTE,V32,Offshore Other,Integrated,0.00
06-01-24,Jun-24,FTE,V32,Offshore Other,Non-Integrated,0.00
06-01-24,Jun-24,FTE,V32,Tengiz,All,98.50
06-01-24,Jun-24,FTE,V32,Tengiz,Integrated,83.50
06-01-24,Jun-24,FTE,V32,Tengiz,Non-Integrated,15.00
07-01-24,Jul-24,FTE,V32,Almaty,All,1.00
07-01-24,Jul-24,FTE,V32,Almaty,Integrated,0.00
07-01-24,Jul-24,FTE,V32,Almaty,Non-Integrated,1.00
07-01-24,Jul-24,FTE,V32,Atyrau,All,58.00
07-01-24,Jul-24,FTE,V32,Atyrau,Integrated,1.00
07-01-24,Jul-24,FTE,V32,Atyrau,Non-Integrated,57.00
07-01-24,Jul-24,FTE,V32,Farnborough,All,12.01
07-01-24,Jul-24,FTE,V32,Farnborough,Integrated,0.00
07-01-24,Jul-24,FTE,V32,Farnborough,Non-Integrated,12.01
07-01-24,Jul-24,FTE,V32,New Delhi,All,0.00
07-01-24,Jul-24,FTE,V32,New Delhi,Integrated,0.00
07-01-24,Jul-24,FTE,V32,New Delhi,Non-Integrated,0.00
07-01-24,Jul-24,FTE,V32,Offshore Other,All,0.00
07-01-24,Jul-24,FTE,V32,Offshore Other,Integrated,0.00
07-01-24,Jul-24,FTE,V32,Offshore Other,Non-Integrated,0.00
07-01-24,Jul-24,FTE,V32,Tengiz,All,32.00
07-01-24,Jul-24,FTE,V32,Tengiz,Integrated,18.00
07-01-24,Jul-24,FTE,V32,Tengiz,Non-Integrated,14.00
08-01-24,Aug-24,FTE,V32,Almaty,All,1.00
08-01-24,Aug-24,FTE,V32,Almaty,Integrated,0.00
08-01-24,Aug-24,FTE,V32,Almaty,Non-Integrated,1.00
08-01-24,Aug-24,FTE,V32,Atyrau,All,48.00
08-01-24,Aug-24,FTE,V32,Atyrau,Integrated,1.00
08-01-24,Aug-24,FTE,V32,Atyrau,Non-Integrated,47.00
08-01-24,Aug-24,FTE,V32,Farnborough,All,9.24
08-01-24,Aug-24,FTE,V32,Farnborough,Integrated,0.00
08-01-24,Aug-24,FTE,V32,Farnborough,Non-Integrated,9.24
08-01-24,Aug-24,FTE,V32,New Delhi,All,0.00
08-01-24,Aug-24,FTE,V32,New Delhi,Integrated,0.00
08-01-24,Aug-24,FTE,V32,New Delhi,Non-Integrated,0.00
08-01-24,Aug-24,FTE,V32,Offshore Other,All,0.00
08-01-24,Aug-24,FTE,V32,Offshore Other,Integrated,0.00
08-01-24,Aug-24,FTE,V32,Offshore Other,Non-Integrated,0.00
08-01-24,Aug-24,FTE,V32,Tengiz,All,32.00
08-01-24,Aug-24,FTE,V32,Tengiz,Integrated,18.00
08-01-24,Aug-24,FTE,V32,Tengiz,Non-Integrated,14.00
09-01-24,Sep-24,FTE,V32,Almaty,All,1.00
09-01-24,Sep-24,FTE,V32,Almaty,Integrated,0.00
09-01-24,Sep-24,FTE,V32,Almaty,Non-Integrated,1.00
09-01-24,Sep-24,FTE,V32,Atyrau,All,30.00
09-01-24,Sep-24,FTE,V32,Atyrau,Integrated,1.00
09-01-24,Sep-24,FTE,V32,Atyrau,Non-Integrated,29.00
09-01-24,Sep-24,FTE,V32,Farnborough,All,5.47
09-01-24,Sep-24,FTE,V32,Farnborough,Integrated,0.00
09-01-24,Sep-24,FTE,V32,Farnborough,Non-Integrated,5.47
09-01-24,Sep-24,FTE,V32,New Delhi,All,0.00
09-01-24,Sep-24,FTE,V32,New Delhi,Integrated,0.00
09-01-24,Sep-24,FTE,V32,New Delhi,Non-Integrated,0.00
09-01-24,Sep-24,FTE,V32,Offshore Other,All,0.00
09-01-24,Sep-24,FTE,V32,Offshore Other,Integrated,0.00
09-01-24,Sep-24,FTE,V32,Offshore Other,Non-Integrated,0.00
09-01-24,Sep-24,FTE,V32,Tengiz,All,24.00
09-01-24,Sep-24,FTE,V32,Tengiz,Integrated,14.50
09-01-24,Sep-24,FTE,V32,Tengiz,Non-Integrated,9.50
10-01-24,Oct-24,FTE,V32,Almaty,All,1.00
10-01-24,Oct-24,FTE,V32,Almaty,Integrated,0.00
10-01-24,Oct-24,FTE,V32,Almaty,Non-Integrated,1.00
10-01-24,Oct-24,FTE,V32,Atyrau,All,26.00
10-01-24,Oct-24,FTE,V32,Atyrau,Integrated,1.00
10-01-24,Oct-24,FTE,V32,Atyrau,Non-Integrated,25.00
10-01-24,Oct-24,FTE,V32,Farnborough,All,4.47
10-01-24,Oct-24,FTE,V32,Farnborough,Integrated,0.00
10-01-24,Oct-24,FTE,V32,Farnborough,Non-Integrated,4.47
10-01-24,Oct-24,FTE,V32,New Delhi,All,0.00
10-01-24,Oct-24,FTE,V32,New Delhi,Integrated,0.00
10-01-24,Oct-24,FTE,V32,New Delhi,Non-Integrated,0.00
10-01-24,Oct-24,FTE,V32,Offshore Other,All,0.00
10-01-24,Oct-24,FTE,V32,Offshore Other,Integrated,0.00
10-01-24,Oct-24,FTE,V32,Offshore Other,Non-Integrated,0.00
10-01-24,Oct-24,FTE,V32,Tengiz,All,12.00
10-01-24,Oct-24,FTE,V32,Tengiz,Integrated,7.00
10-01-24,Oct-24,FTE,V32,Tengiz,Non-Integrated,5.00
11-01-24,Nov-24,FTE,V32,Almaty,All,1.00
11-01-24,Nov-24,FTE,V32,Almaty,Integrated,0.00
11-01-24,Nov-24,FTE,V32,Almaty,Non-Integrated,1.00
11-01-24,Nov-24,FTE,V32,Atyrau,All,25.00
11-01-24,Nov-24,FTE,V32,Atyrau,Integrated,0.00
11-01-24,Nov-24,FTE,V32,Atyrau,Non-Integrated,25.00
11-01-24,Nov-24,FTE,V32,Farnborough,All,4.47
11-01-24,Nov-24,FTE,V32,Farnborough,Integrated,0.00
11-01-24,Nov-24,FTE,V32,Farnborough,Non-Integrated,4.47
11-01-24,Nov-24,FTE,V32,New Delhi,All,0.00
11-01-24,Nov-24,FTE,V32,New Delhi,Integrated,0.00
11-01-24,Nov-24,FTE,V32,New Delhi,Non-Integrated,0.00
11-01-24,Nov-24,FTE,V32,Offshore Other,All,0.00
11-01-24,Nov-24,FTE,V32,Offshore Other,Integrated,0.00
11-01-24,Nov-24,FTE,V32,Offshore Other,Non-Integrated,0.00
11-01-24,Nov-24,FTE,V32,Tengiz,All,6.50
11-01-24,Nov-24,FTE,V32,Tengiz,Integrated,1.50
11-01-24,Nov-24,FTE,V32,Tengiz,Non-Integrated,5.00
12-01-24,Dec-24,FTE,V32,Almaty,All,1.00
12-01-24,Dec-24,FTE,V32,Almaty,Integrated,0.00
12-01-24,Dec-24,FTE,V32,Almaty,Non-Integrated,1.00
12-01-24,Dec-24,FTE,V32,Atyrau,All,14.00
12-01-24,Dec-24,FTE,V32,Atyrau,Integrated,0.00
12-01-24,Dec-24,FTE,V32,Atyrau,Non-Integrated,14.00
12-01-24,Dec-24,FTE,V32,Farnborough,All,4.47
12-01-24,Dec-24,FTE,V32,Farnborough,Integrated,0.00
12-01-24,Dec-24,FTE,V32,Farnborough,Non-Integrated,4.47
12-01-24,Dec-24,FTE,V32,New Delhi,All,0.00
12-01-24,Dec-24,FTE,V32,New Delhi,Integrated,0.00
12-01-24,Dec-24,FTE,V32,New Delhi,Non-Integrated,0.00
12-01-24,Dec-24,FTE,V32,Offshore Other,All,0.00
12-01-24,Dec-24,FTE,V32,Offshore Other,Integrated,0.00
12-01-24,Dec-24,FTE,V32,Offshore Other,Non-Integrated,0.00
12-01-24,Dec-24,FTE,V32,Tengiz,All,4.00
12-01-24,Dec-24,FTE,V32,Tengiz,Integrated,1.50
12-01-24,Dec-24,FTE,V32,Tengiz,Non-Integrated,2.50
01-01-25,Jan-25,FTE,V32,Almaty,All,0.00
01-01-25,Jan-25,FTE,V32,Almaty,Integrated,0.00
01-01-25,Jan-25,FTE,V32,Almaty,Non-Integrated,0.00
01-01-25,Jan-25,FTE,V32,Atyrau,All,0.00
01-01-25,Jan-25,FTE,V32,Atyrau,Integrated,0.00
01-01-25,Jan-25,FTE,V32,Atyrau,Non-Integrated,0.00
01-01-25,Jan-25,FTE,V32,Farnborough,All,0.00
01-01-25,Jan-25,FTE,V32,Farnborough,Integrated,0.00
01-01-25,Jan-25,FTE,V32,Farnborough,Non-Integrated,0.00
01-01-25,Jan-25,FTE,V32,New Delhi,All,0.00
01-01-25,Jan-25,FTE,V32,New Delhi,Integrated,0.00
01-01-25,Jan-25,FTE,V32,New Delhi,Non-Integrated,0.00
01-01-25,Jan-25,FTE,V32,Offshore Other,All,0.00
01-01-25,Jan-25,FTE,V32,Offshore Other,Integrated,0.00
01-01-25,Jan-25,FTE,V32,Offshore Other,Non-Integrated,0.00
01-01-25,Jan-25,FTE,V32,Tengiz,All,0.00
01-01-25,Jan-25,FTE,V32,Tengiz,Integrated,0.00
01-01-25,Jan-25,FTE,V32,Tengiz,Non-Integrated,0.00
02-01-25,Feb-25,FTE,V32,Almaty,All,0.00
02-01-25,Feb-25,FTE,V32,Almaty,Integrated,0.00
02-01-25,Feb-25,FTE,V32,Almaty,Non-Integrated,0.00
02-01-25,Feb-25,FTE,V32,Atyrau,All,0.00
02-01-25,Feb-25,FTE,V32,Atyrau,Integrated,0.00
02-01-25,Feb-25,FTE,V32,Atyrau,Non-Integrated,0.00
02-01-25,Feb-25,FTE,V32,Farnborough,All,0.00
02-01-25,Feb-25,FTE,V32,Farnborough,Integrated,0.00
02-01-25,Feb-25,FTE,V32,Farnborough,Non-Integrated,0.00
02-01-25,Feb-25,FTE,V32,New Delhi,All,0.00
02-01-25,Feb-25,FTE,V32,New Delhi,Integrated,0.00
02-01-25,Feb-25,FTE,V32,New Delhi,Non-Integrated,0.00
02-01-25,Feb-25,FTE,V32,Offshore Other,All,0.00
02-01-25,Feb-25,FTE,V32,Offshore Other,Integrated,0.00
02-01-25,Feb-25,FTE,V32,Offshore Other,Non-Integrated,0.00
02-01-25,Feb-25,FTE,V32,Tengiz,All,0.00
02-01-25,Feb-25,FTE,V32,Tengiz,Integrated,0.00
02-01-25,Feb-25,FTE,V32,Tengiz,Non-Integrated,0.00
03-01-25,Mar-25,FTE,V32,Almaty,All,0.00
03-01-25,Mar-25,FTE,V32,Almaty,Integrated,0.00
03-01-25,Mar-25,FTE,V32,Almaty,Non-Integrated,0.00
03-01-25,Mar-25,FTE,V32,Atyrau,All,0.00
03-01-25,Mar-25,FTE,V32,Atyrau,Integrated,0.00
03-01-25,Mar-25,FTE,V32,Atyrau,Non-Integrated,0.00
03-01-25,Mar-25,FTE,V32,Farnborough,All,0.00
03-01-25,Mar-25,FTE,V32,Farnborough,Integrated,0.00
03-01-25,Mar-25,FTE,V32,Farnborough,Non-Integrated,0.00
03-01-25,Mar-25,FTE,V32,New Delhi,All,0.00
03-01-25,Mar-25,FTE,V32,New Delhi,Integrated,0.00
03-01-25,Mar-25,FTE,V32,New Delhi,Non-Integrated,0.00
03-01-25,Mar-25,FTE,V32,Offshore Other,All,0.00
03-01-25,Mar-25,FTE,V32,Offshore Other,Integrated,0.00
03-01-25,Mar-25,FTE,V32,Offshore Other,Non-Integrated,0.00
03-01-25,Mar-25,FTE,V32,Tengiz,All,0.00
03-01-25,Mar-25,FTE,V32,Tengiz,Integrated,0.00
03-01-25,Mar-25,FTE,V32,Tengiz,Non-Integrated,0.00
04-01-25,Apr-25,FTE,V32,Almaty,All,0.00
04-01-25,Apr-25,FTE,V32,Almaty,Integrated,0.00
04-01-25,Apr-25,FTE,V32,Almaty,Non-Integrated,0.00
04-01-25,Apr-25,FTE,V32,Atyrau,All,0.00
04-01-25,Apr-25,FTE,V32,Atyrau,Integrated,0.00
04-01-25,Apr-25,FTE,V32,Atyrau,Non-Integrated,0.00
04-01-25,Apr-25,FTE,V32,Farnborough,All,0.00
04-01-25,Apr-25,FTE,V32,Farnborough,Integrated,0.00
04-01-25,Apr-25,FTE,V32,Farnborough,Non-Integrated,0.00
04-01-25,Apr-25,FTE,V32,New Delhi,All,0.00
04-01-25,Apr-25,FTE,V32,New Delhi,Integrated,0.00
04-01-25,Apr-25,FTE,V32,New Delhi,Non-Integrated,0.00
04-01-25,Apr-25,FTE,V32,Offshore Other,All,0.00
04-01-25,Apr-25,FTE,V32,Offshore Other,Integrated,0.00
04-01-25,Apr-25,FTE,V32,Offshore Other,Non-Integrated,0.00
04-01-25,Apr-25,FTE,V32,Tengiz,All,0.00
04-01-25,Apr-25,FTE,V32,Tengiz,Integrated,0.00
04-01-25,Apr-25,FTE,V32,Tengiz,Non-Integrated,0.00
01-01-24,Jan-24,HeadCount,V32,Almaty,All,2.00
01-01-24,Jan-24,HeadCount,V32,Almaty,Integrated,0.00
01-01-24,Jan-24,HeadCount,V32,Almaty,Non-Integrated,2.00
01-01-24,Jan-24,HeadCount,V32,Atyrau,All,131.00
01-01-24,Jan-24,HeadCount,V32,Atyrau,Integrated,13.00
01-01-24,Jan-24,HeadCount,V32,Atyrau,Non-Integrated,118.00
01-01-24,Jan-24,HeadCount,V32,Farnborough,All,42.00
01-01-24,Jan-24,HeadCount,V32,Farnborough,Integrated,2.00
01-01-24,Jan-24,HeadCount,V32,Farnborough,Non-Integrated,40.00
01-01-24,Jan-24,HeadCount,V32,New Delhi,All,1.00
01-01-24,Jan-24,HeadCount,V32,New Delhi,Integrated,0.00
01-01-24,Jan-24,HeadCount,V32,New Delhi,Non-Integrated,1.00
01-01-24,Jan-24,HeadCount,V32,Offshore Other,All,1.00
01-01-24,Jan-24,HeadCount,V32,Offshore Other,Integrated,0.00
01-01-24,Jan-24,HeadCount,V32,Offshore Other,Non-Integrated,1.00
01-01-24,Jan-24,HeadCount,V32,Tengiz,All,307.00
01-01-24,Jan-24,HeadCount,V32,Tengiz,Integrated,235.00
01-01-24,Jan-24,HeadCount,V32,Tengiz,Non-Integrated,72.00
02-01-24,Feb-24,HeadCount,V32,Almaty,All,2.00
02-01-24,Feb-24,HeadCount,V32,Almaty,Integrated,0.00
02-01-24,Feb-24,HeadCount,V32,Almaty,Non-Integrated,2.00
02-01-24,Feb-24,HeadCount,V32,Atyrau,All,129.00
02-01-24,Feb-24,HeadCount,V32,Atyrau,Integrated,13.00
02-01-24,Feb-24,HeadCount,V32,Atyrau,Non-Integrated,116.00
02-01-24,Feb-24,HeadCount,V32,Farnborough,All,42.00
02-01-24,Feb-24,HeadCount,V32,Farnborough,Integrated,2.00
02-01-24,Feb-24,HeadCount,V32,Farnborough,Non-Integrated,40.00
02-01-24,Feb-24,HeadCount,V32,New Delhi,All,1.00
02-01-24,Feb-24,HeadCount,V32,New Delhi,Integrated,0.00
02-01-24,Feb-24,HeadCount,V32,New Delhi,Non-Integrated,1.00
02-01-24,Feb-24,HeadCount,V32,Offshore Other,All,1.00
02-01-24,Feb-24,HeadCount,V32,Offshore Other,Integrated,0.00
02-01-24,Feb-24,HeadCount,V32,Offshore Other,Non-Integrated,1.00
02-01-24,Feb-24,HeadCount,V32,Tengiz,All,302.00
02-01-24,Feb-24,HeadCount,V32,Tengiz,Integrated,232.00
02-01-24,Feb-24,HeadCount,V32,Tengiz,Non-Integrated,70.00
03-01-24,Mar-24,HeadCount,V32,Almaty,All,2.00
03-01-24,Mar-24,HeadCount,V32,Almaty,Integrated,0.00
03-01-24,Mar-24,HeadCount,V32,Almaty,Non-Integrated,2.00
03-01-24,Mar-24,HeadCount,V32,Atyrau,All,120.00
03-01-24,Mar-24,HeadCount,V32,Atyrau,Integrated,13.00
03-01-24,Mar-24,HeadCount,V32,Atyrau,Non-Integrated,107.00
03-01-24,Mar-24,HeadCount,V32,Farnborough,All,41.00
03-01-24,Mar-24,HeadCount,V32,Farnborough,Integrated,2.00
03-01-24,Mar-24,HeadCount,V32,Farnborough,Non-Integrated,39.00
03-01-24,Mar-24,HeadCount,V32,New Delhi,All,1.00
03-01-24,Mar-24,HeadCount,V32,New Delhi,Integrated,0.00
03-01-24,Mar-24,HeadCount,V32,New Delhi,Non-Integrated,1.00
03-01-24,Mar-24,HeadCount,V32,Offshore Other,All,1.00
03-01-24,Mar-24,HeadCount,V32,Offshore Other,Integrated,0.00
03-01-24,Mar-24,HeadCount,V32,Offshore Other,Non-Integrated,1.00
03-01-24,Mar-24,HeadCount,V32,Tengiz,All,288.00
03-01-24,Mar-24,HeadCount,V32,Tengiz,Integrated,226.00
03-01-24,Mar-24,HeadCount,V32,Tengiz,Non-Integrated,62.00
04-01-24,Apr-24,HeadCount,V32,Almaty,All,2.00
04-01-24,Apr-24,HeadCount,V32,Almaty,Integrated,0.00
04-01-24,Apr-24,HeadCount,V32,Almaty,Non-Integrated,2.00
04-01-24,Apr-24,HeadCount,V32,Atyrau,All,112.00
04-01-24,Apr-24,HeadCount,V32,Atyrau,Integrated,10.00
04-01-24,Apr-24,HeadCount,V32,Atyrau,Non-Integrated,102.00
04-01-24,Apr-24,HeadCount,V32,Farnborough,All,37.00
04-01-24,Apr-24,HeadCount,V32,Farnborough,Integrated,1.00
04-01-24,Apr-24,HeadCount,V32,Farnborough,Non-Integrated,36.00
04-01-24,Apr-24,HeadCount,V32,New Delhi,All,1.00
04-01-24,Apr-24,HeadCount,V32,New Delhi,Integrated,0.00
04-01-24,Apr-24,HeadCount,V32,New Delhi,Non-Integrated,1.00
04-01-24,Apr-24,HeadCount,V32,Offshore Other,All,1.00
04-01-24,Apr-24,HeadCount,V32,Offshore Other,Integrated,0.00
04-01-24,Apr-24,HeadCount,V32,Offshore Other,Non-Integrated,1.00
04-01-24,Apr-24,HeadCount,V32,Tengiz,All,219.00
04-01-24,Apr-24,HeadCount,V32,Tengiz,Integrated,182.00
04-01-24,Apr-24,HeadCount,V32,Tengiz,Non-Integrated,37.00
05-01-24,May-24,HeadCount,V32,Almaty,All,1.00
05-01-24,May-24,HeadCount,V32,Almaty,Integrated,0.00
05-01-24,May-24,HeadCount,V32,Almaty,Non-Integrated,1.00
05-01-24,May-24,HeadCount,V32,Atyrau,All,94.00
05-01-24,May-24,HeadCount,V32,Atyrau,Integrated,10.00
05-01-24,May-24,HeadCount,V32,Atyrau,Non-Integrated,84.00
05-01-24,May-24,HeadCount,V32,Farnborough,All,34.00
05-01-24,May-24,HeadCount,V32,Farnborough,Integrated,1.00
05-01-24,May-24,HeadCount,V32,Farnborough,Non-Integrated,33.00
05-01-24,May-24,HeadCount,V32,New Delhi,All,1.00
05-01-24,May-24,HeadCount,V32,New Delhi,Integrated,0.00
05-01-24,May-24,HeadCount,V32,New Delhi,Non-Integrated,1.00
05-01-24,May-24,HeadCount,V32,Offshore Other,All,1.00
05-01-24,May-24,HeadCount,V32,Offshore Other,Integrated,0.00
05-01-24,May-24,HeadCount,V32,Offshore Other,Non-Integrated,1.00
05-01-24,May-24,HeadCount,V32,Tengiz,All,210.00
05-01-24,May-24,HeadCount,V32,Tengiz,Integrated,180.00
05-01-24,May-24,HeadCount,V32,Tengiz,Non-Integrated,30.00
06-01-24,Jun-24,HeadCount,V32,Almaty,All,1.00
06-01-24,Jun-24,HeadCount,V32,Almaty,Integrated,0.00
06-01-24,Jun-24,HeadCount,V32,Almaty,Non-Integrated,1.00
06-01-24,Jun-24,HeadCount,V32,Atyrau,All,72.00
06-01-24,Jun-24,HeadCount,V32,Atyrau,Integrated,10.00
06-01-24,Jun-24,HeadCount,V32,Atyrau,Non-Integrated,62.00
06-01-24,Jun-24,HeadCount,V32,Farnborough,All,23.00
06-01-24,Jun-24,HeadCount,V32,Farnborough,Integrated,1.00
06-01-24,Jun-24,HeadCount,V32,Farnborough,Non-Integrated,22.00
06-01-24,Jun-24,HeadCount,V32,New Delhi,All,0.00
06-01-24,Jun-24,HeadCount,V32,New Delhi,Integrated,0.00
06-01-24,Jun-24,HeadCount,V32,New Delhi,Non-Integrated,0.00
06-01-24,Jun-24,HeadCount,V32,Offshore Other,All,0.00
06-01-24,Jun-24,HeadCount,V32,Offshore Other,Integrated,0.00
06-01-24,Jun-24,HeadCount,V32,Offshore Other,Non-Integrated,0.00
06-01-24,Jun-24,HeadCount,V32,Tengiz,All,197.00
06-01-24,Jun-24,HeadCount,V32,Tengiz,Integrated,167.00
06-01-24,Jun-24,HeadCount,V32,Tengiz,Non-Integrated,30.00
07-01-24,Jul-24,HeadCount,V32,Almaty,All,1.00
07-01-24,Jul-24,HeadCount,V32,Almaty,Integrated,0.00
07-01-24,Jul-24,HeadCount,V32,Almaty,Non-Integrated,1.00
07-01-24,Jul-24,HeadCount,V32,Atyrau,All,58.00
07-01-24,Jul-24,HeadCount,V32,Atyrau,Integrated,1.00
07-01-24,Jul-24,HeadCount,V32,Atyrau,Non-Integrated,57.00
07-01-24,Jul-24,HeadCount,V32,Farnborough,All,19.00
07-01-24,Jul-24,HeadCount,V32,Farnborough,Integrated,0.00
07-01-24,Jul-24,HeadCount,V32,Farnborough,Non-Integrated,19.00
07-01-24,Jul-24,HeadCount,V32,New Delhi,All,0.00
07-01-24,Jul-24,HeadCount,V32,New Delhi,Integrated,0.00
07-01-24,Jul-24,HeadCount,V32,New Delhi,Non-Integrated,0.00
07-01-24,Jul-24,HeadCount,V32,Offshore Other,All,0.00
07-01-24,Jul-24,HeadCount,V32,Offshore Other,Integrated,0.00
07-01-24,Jul-24,HeadCount,V32,Offshore Other,Non-Integrated,0.00
07-01-24,Jul-24,HeadCount,V32,Tengiz,All,64.00
07-01-24,Jul-24,HeadCount,V32,Tengiz,Integrated,36.00
07-01-24,Jul-24,HeadCount,V32,Tengiz,Non-Integrated,28.00
08-01-24,Aug-24,HeadCount,V32,Almaty,All,1.00
08-01-24,Aug-24,HeadCount,V32,Almaty,Integrated,0.00
08-01-24,Aug-24,HeadCount,V32,Almaty,Non-Integrated,1.00
08-01-24,Aug-24,HeadCount,V32,Atyrau,All,48.00
08-01-24,Aug-24,HeadCount,V32,Atyrau,Integrated,1.00
08-01-24,Aug-24,HeadCount,V32,Atyrau,Non-Integrated,47.00
08-01-24,Aug-24,HeadCount,V32,Farnborough,All,15.00
08-01-24,Aug-24,HeadCount,V32,Farnborough,Integrated,0.00
08-01-24,Aug-24,HeadCount,V32,Farnborough,Non-Integrated,15.00
08-01-24,Aug-24,HeadCount,V32,New Delhi,All,0.00
08-01-24,Aug-24,HeadCount,V32,New Delhi,Integrated,0.00
08-01-24,Aug-24,HeadCount,V32,New Delhi,Non-Integrated,0.00
08-01-24,Aug-24,HeadCount,V32,Offshore Other,All,0.00
08-01-24,Aug-24,HeadCount,V32,Offshore Other,Integrated,0.00
08-01-24,Aug-24,HeadCount,V32,Offshore Other,Non-Integrated,0.00
08-01-24,Aug-24,HeadCount,V32,Tengiz,All,64.00
08-01-24,Aug-24,HeadCount,V32,Tengiz,Integrated,36.00
08-01-24,Aug-24,HeadCount,V32,Tengiz,Non-Integrated,28.00
09-01-24,Sep-24,HeadCount,V32,Almaty,All,1.00
09-01-24,Sep-24,HeadCount,V32,Almaty,Integrated,0.00
09-01-24,Sep-24,HeadCount,V32,Almaty,Non-Integrated,1.00
09-01-24,Sep-24,HeadCount,V32,Atyrau,All,30.00
09-01-24,Sep-24,HeadCount,V32,Atyrau,Integrated,1.00
09-01-24,Sep-24,HeadCount,V32,Atyrau,Non-Integrated,29.00
09-01-24,Sep-24,HeadCount,V32,Farnborough,All,8.00
09-01-24,Sep-24,HeadCount,V32,Farnborough,Integrated,0.00
09-01-24,Sep-24,HeadCount,V32,Farnborough,Non-Integrated,8.00
09-01-24,Sep-24,HeadCount,V32,New Delhi,All,0.00
09-01-24,Sep-24,HeadCount,V32,New Delhi,Integrated,0.00
09-01-24,Sep-24,HeadCount,V32,New Delhi,Non-Integrated,0.00
09-01-24,Sep-24,HeadCount,V32,Offshore Other,All,0.00
09-01-24,Sep-24,HeadCount,V32,Offshore Other,Integrated,0.00
09-01-24,Sep-24,HeadCount,V32,Offshore Other,Non-Integrated,0.00
09-01-24,Sep-24,HeadCount,V32,Tengiz,All,48.00
09-01-24,Sep-24,HeadCount,V32,Tengiz,Integrated,29.00
09-01-24,Sep-24,HeadCount,V32,Tengiz,Non-Integrated,19.00
10-01-24,Oct-24,HeadCount,V32,Almaty,All,1.00
10-01-24,Oct-24,HeadCount,V32,Almaty,Integrated,0.00
10-01-24,Oct-24,HeadCount,V32,Almaty,Non-Integrated,1.00
10-01-24,Oct-24,HeadCount,V32,Atyrau,All,26.00
10-01-24,Oct-24,HeadCount,V32,Atyrau,Integrated,1.00
10-01-24,Oct-24,HeadCount,V32,Atyrau,Non-Integrated,25.00
10-01-24,Oct-24,HeadCount,V32,Farnborough,All,6.00
10-01-24,Oct-24,HeadCount,V32,Farnborough,Integrated,0.00
10-01-24,Oct-24,HeadCount,V32,Farnborough,Non-Integrated,6.00
10-01-24,Oct-24,HeadCount,V32,New Delhi,All,0.00
10-01-24,Oct-24,HeadCount,V32,New Delhi,Integrated,0.00
10-01-24,Oct-24,HeadCount,V32,New Delhi,Non-Integrated,0.00
10-01-24,Oct-24,HeadCount,V32,Offshore Other,All,0.00
10-01-24,Oct-24,HeadCount,V32,Offshore Other,Integrated,0.00
10-01-24,Oct-24,HeadCount,V32,Offshore Other,Non-Integrated,0.00
10-01-24,Oct-24,HeadCount,V32,Tengiz,All,24.00
10-01-24,Oct-24,HeadCount,V32,Tengiz,Integrated,14.00
10-01-24,Oct-24,HeadCount,V32,Tengiz,Non-Integrated,10.00
11-01-24,Nov-24,HeadCount,V32,Almaty,All,1.00
11-01-24,Nov-24,HeadCount,V32,Almaty,Integrated,0.00
11-01-24,Nov-24,HeadCount,V32,Almaty,Non-Integrated,1.00
11-01-24,Nov-24,HeadCount,V32,Atyrau,All,25.00
11-01-24,Nov-24,HeadCount,V32,Atyrau,Integrated,0.00
11-01-24,Nov-24,HeadCount,V32,Atyrau,Non-Integrated,25.00
11-01-24,Nov-24,HeadCount,V32,Farnborough,All,6.00
11-01-24,Nov-24,HeadCount,V32,Farnborough,Integrated,0.00
11-01-24,Nov-24,HeadCount,V32,Farnborough,Non-Integrated,6.00
11-01-24,Nov-24,HeadCount,V32,New Delhi,All,0.00
11-01-24,Nov-24,HeadCount,V32,New Delhi,Integrated,0.00
11-01-24,Nov-24,HeadCount,V32,New Delhi,Non-Integrated,0.00
11-01-24,Nov-24,HeadCount,V32,Offshore Other,All,0.00
11-01-24,Nov-24,HeadCount,V32,Offshore Other,Integrated,0.00
11-01-24,Nov-24,HeadCount,V32,Offshore Other,Non-Integrated,0.00
11-01-24,Nov-24,HeadCount,V32,Tengiz,All,13.00
11-01-24,Nov-24,HeadCount,V32,Tengiz,Integrated,3.00
11-01-24,Nov-24,HeadCount,V32,Tengiz,Non-Integrated,10.00
12-01-24,Dec-24,HeadCount,V32,Almaty,All,1.00
12-01-24,Dec-24,HeadCount,V32,Almaty,Integrated,0.00
12-01-24,Dec-24,HeadCount,V32,Almaty,Non-Integrated,1.00
12-01-24,Dec-24,HeadCount,V32,Atyrau,All,14.00
12-01-24,Dec-24,HeadCount,V32,Atyrau,Integrated,0.00
12-01-24,Dec-24,HeadCount,V32,Atyrau,Non-Integrated,14.00
12-01-24,Dec-24,HeadCount,V32,Farnborough,All,6.00
12-01-24,Dec-24,HeadCount,V32,Farnborough,Integrated,0.00
12-01-24,Dec-24,HeadCount,V32,Farnborough,Non-Integrated,6.00
12-01-24,Dec-24,HeadCount,V32,New Delhi,All,0.00
12-01-24,Dec-24,HeadCount,V32,New Delhi,Integrated,0.00
12-01-24,Dec-24,HeadCount,V32,New Delhi,Non-Integrated,0.00
12-01-24,Dec-24,HeadCount,V32,Offshore Other,All,0.00
12-01-24,Dec-24,HeadCount,V32,Offshore Other,Integrated,0.00
12-01-24,Dec-24,HeadCount,V32,Offshore Other,Non-Integrated,0.00
12-01-24,Dec-24,HeadCount,V32,Tengiz,All,8.00
12-01-24,Dec-24,HeadCount,V32,Tengiz,Integrated,3.00
12-01-24,Dec-24,HeadCount,V32,Tengiz,Non-Integrated,5.00
01-01-25,Jan-25,HeadCount,V32,Almaty,All,0.00
01-01-25,Jan-25,HeadCount,V32,Almaty,Integrated,0.00
01-01-25,Jan-25,HeadCount,V32,Almaty,Non-Integrated,0.00
01-01-25,Jan-25,HeadCount,V32,Atyrau,All,0.00
01-01-25,Jan-25,HeadCount,V32,Atyrau,Integrated,0.00
01-01-25,Jan-25,HeadCount,V32,Atyrau,Non-Integrated,0.00
01-01-25,Jan-25,HeadCount,V32,Farnborough,All,0.00
01-01-25,Jan-25,HeadCount,V32,Farnborough,Integrated,0.00
01-01-25,Jan-25,HeadCount,V32,Farnborough,Non-Integrated,0.00
01-01-25,Jan-25,HeadCount,V32,New Delhi,All,0.00
01-01-25,Jan-25,HeadCount,V32,New Delhi,Integrated,0.00
01-01-25,Jan-25,HeadCount,V32,New Delhi,Non-Integrated,0.00
01-01-25,Jan-25,HeadCount,V32,Offshore Other,All,0.00
01-01-25,Jan-25,HeadCount,V32,Offshore Other,Integrated,0.00
01-01-25,Jan-25,HeadCount,V32,Offshore Other,Non-Integrated,0.00
01-01-25,Jan-25,HeadCount,V32,Tengiz,All,0.00
01-01-25,Jan-25,HeadCount,V32,Tengiz,Integrated,0.00
01-01-25,Jan-25,HeadCount,V32,Tengiz,Non-Integrated,0.00
02-01-25,Feb-25,HeadCount,V32,Almaty,All,0.00
02-01-25,Feb-25,HeadCount,V32,Almaty,Integrated,0.00
02-01-25,Feb-25,HeadCount,V32,Almaty,Non-Integrated,0.00
02-01-25,Feb-25,HeadCount,V32,Atyrau,All,0.00
02-01-25,Feb-25,HeadCount,V32,Atyrau,Integrated,0.00
02-01-25,Feb-25,HeadCount,V32,Atyrau,Non-Integrated,0.00
02-01-25,Feb-25,HeadCount,V32,Farnborough,All,0.00
02-01-25,Feb-25,HeadCount,V32,Farnborough,Integrated,0.00
02-01-25,Feb-25,HeadCount,V32,Farnborough,Non-Integrated,0.00
02-01-25,Feb-25,HeadCount,V32,New Delhi,All,0.00
02-01-25,Feb-25,HeadCount,V32,New Delhi,Integrated,0.00
02-01-25,Feb-25,HeadCount,V32,New Delhi,Non-Integrated,0.00
02-01-25,Feb-25,HeadCount,V32,Offshore Other,All,0.00
02-01-25,Feb-25,HeadCount,V32,Offshore Other,Integrated,0.00
02-01-25,Feb-25,HeadCount,V32,Offshore Other,Non-Integrated,0.00
02-01-25,Feb-25,HeadCount,V32,Tengiz,All,0.00
02-01-25,Feb-25,HeadCount,V32,Tengiz,Integrated,0.00
02-01-25,Feb-25,HeadCount,V32,Tengiz,Non-Integrated,0.00
03-01-25,Mar-25,HeadCount,V32,Almaty,All,0.00
03-01-25,Mar-25,HeadCount,V32,Almaty,Integrated,0.00
03-01-25,Mar-25,HeadCount,V32,Almaty,Non-Integrated,0.00
03-01-25,Mar-25,HeadCount,V32,Atyrau,All,0.00
03-01-25,Mar-25,HeadCount,V32,Atyrau,Integrated,0.00
03-01-25,Mar-25,HeadCount,V32,Atyrau,Non-Integrated,0.00
03-01-25,Mar-25,HeadCount,V32,Farnborough,All,0.00
03-01-25,Mar-25,HeadCount,V32,Farnborough,Integrated,0.00
03-01-25,Mar-25,HeadCount,V32,Farnborough,Non-Integrated,0.00
03-01-25,Mar-25,HeadCount,V32,New Delhi,All,0.00
03-01-25,Mar-25,HeadCount,V32,New Delhi,Integrated,0.00
03-01-25,Mar-25,HeadCount,V32,New Delhi,Non-Integrated,0.00
03-01-25,Mar-25,HeadCount,V32,Offshore Other,All,0.00
03-01-25,Mar-25,HeadCount,V32,Offshore Other,Integrated,0.00
03-01-25,Mar-25,HeadCount,V32,Offshore Other,Non-Integrated,0.00
03-01-25,Mar-25,HeadCount,V32,Tengiz,All,0.00
03-01-25,Mar-25,HeadCount,V32,Tengiz,Integrated,0.00
03-01-25,Mar-25,HeadCount,V32,Tengiz,Non-Integrated,0.00
04-01-25,Apr-25,HeadCount,V32,Almaty,All,0.00
04-01-25,Apr-25,HeadCount,V32,Almaty,Integrated,0.00
04-01-25,Apr-25,HeadCount,V32,Almaty,Non-Integrated,0.00
04-01-25,Apr-25,HeadCount,V32,Atyrau,All,0.00
04-01-25,Apr-25,HeadCount,V32,Atyrau,Integrated,0.00
04-01-25,Apr-25,HeadCount,V32,Atyrau,Non-Integrated,0.00
04-01-25,Apr-25,HeadCount,V32,Farnborough,All,0.00
04-01-25,Apr-25,HeadCount,V32,Farnborough,Integrated,0.00
04-01-25,Apr-25,HeadCount,V32,Farnborough,Non-Integrated,0.00
04-01-25,Apr-25,HeadCount,V32,New Delhi,All,0.00
04-01-25,Apr-25,HeadCount,V32,New Delhi,Integrated,0.00
04-01-25,Apr-25,HeadCount,V32,New Delhi,Non-Integrated,0.00
04-01-25,Apr-25,HeadCount,V32,Offshore Other,All,0.00
04-01-25,Apr-25,HeadCount,V32,Offshore Other,Integrated,0.00
04-01-25,Apr-25,HeadCount,V32,Offshore Other,Non-Integrated,0.00
04-01-25,Apr-25,HeadCount,V32,Tengiz,All,0.00
04-01-25,Apr-25,HeadCount,V32,Tengiz,Integrated,0.00
04-01-25,Apr-25,HeadCount,V32,Tengiz,Non-Integrated,0.00
01-01-24,Jan-24,Hours,V32,Almaty,All,248.00
01-01-24,Jan-24,Hours,V32,Almaty,Integrated,0.00
01-01-24,Jan-24,Hours,V32,Almaty,Non-Integrated,248.00
01-01-24,Jan-24,Hours,V32,Atyrau,All,16728.20
01-01-24,Jan-24,Hours,V32,Atyrau,Integrated,1612.00
01-01-24,Jan-24,Hours,V32,Atyrau,Non-Integrated,15116.20
01-01-24,Jan-24,Hours,V32,Farnborough,All,3833.89
01-01-24,Jan-24,Hours,V32,Farnborough,Integrated,128.35
01-01-24,Jan-24,Hours,V32,Farnborough,Non-Integrated,3705.54
01-01-24,Jan-24,Hours,V32,New Delhi,All,80.00
01-01-24,Jan-24,Hours,V32,New Delhi,Integrated,0.00
01-01-24,Jan-24,Hours,V32,New Delhi,Non-Integrated,80.00
01-01-24,Jan-24,Hours,V32,Offshore Other,All,12.40
01-01-24,Jan-24,Hours,V32,Offshore Other,Integrated,0.00
01-01-24,Jan-24,Hours,V32,Offshore Other,Non-Integrated,12.40
01-01-24,Jan-24,Hours,V32,Tengiz,All,47281.00
01-01-24,Jan-24,Hours,V32,Tengiz,Integrated,36231.00
01-01-24,Jan-24,Hours,V32,Tengiz,Non-Integrated,11050.00
02-01-24,Feb-24,Hours,V32,Almaty,All,296.00
02-01-24,Feb-24,Hours,V32,Almaty,Integrated,0.00
02-01-24,Feb-24,Hours,V32,Almaty,Non-Integrated,296.00
02-01-24,Feb-24,Hours,V32,Atyrau,All,19348.00
02-01-24,Feb-24,Hours,V32,Atyrau,Integrated,1924.00
02-01-24,Feb-24,Hours,V32,Atyrau,Non-Integrated,17424.00
02-01-24,Feb-24,Hours,V32,Farnborough,All,4062.40
02-01-24,Feb-24,Hours,V32,Farnborough,Integrated,136.00
02-01-24,Feb-24,Hours,V32,Farnborough,Non-Integrated,3926.40
02-01-24,Feb-24,Hours,V32,New Delhi,All,80.00
02-01-24,Feb-24,Hours,V32,New Delhi,Integrated,0.00
02-01-24,Feb-24,Hours,V32,New Delhi,Non-Integrated,80.00
02-01-24,Feb-24,Hours,V32,Offshore Other,All,14.80
02-01-24,Feb-24,Hours,V32,Offshore Other,Integrated,0.00
02-01-24,Feb-24,Hours,V32,Offshore Other,Non-Integrated,14.80
02-01-24,Feb-24,Hours,V32,Tengiz,All,45292.00
02-01-24,Feb-24,Hours,V32,Tengiz,Integrated,35256.00
02-01-24,Feb-24,Hours,V32,Tengiz,Non-Integrated,10036.00
03-01-24,Mar-24,Hours,V32,Almaty,All,306.00
03-01-24,Mar-24,Hours,V32,Almaty,Integrated,0.00
03-01-24,Mar-24,Hours,V32,Almaty,Non-Integrated,306.00
03-01-24,Mar-24,Hours,V32,Atyrau,All,18595.00
03-01-24,Mar-24,Hours,V32,Atyrau,Integrated,1836.00
03-01-24,Mar-24,Hours,V32,Atyrau,Non-Integrated,16759.00
03-01-24,Mar-24,Hours,V32,Farnborough,All,4777.50
03-01-24,Mar-24,Hours,V32,Farnborough,Integrated,165.75
03-01-24,Mar-24,Hours,V32,Farnborough,Non-Integrated,4611.75
03-01-24,Mar-24,Hours,V32,New Delhi,All,102.00
03-01-24,Mar-24,Hours,V32,New Delhi,Integrated,0.00
03-01-24,Mar-24,Hours,V32,New Delhi,Non-Integrated,102.00
03-01-24,Mar-24,Hours,V32,Offshore Other,All,15.30
03-01-24,Mar-24,Hours,V32,Offshore Other,Integrated,0.00
03-01-24,Mar-24,Hours,V32,Offshore Other,Non-Integrated,15.30
03-01-24,Mar-24,Hours,V32,Tengiz,All,51428.00
03-01-24,Mar-24,Hours,V32,Tengiz,Integrated,41145.00
03-01-24,Mar-24,Hours,V32,Tengiz,Non-Integrated,10283.00
04-01-24,Apr-24,Hours,V32,Almaty,All,296.00
04-01-24,Apr-24,Hours,V32,Almaty,Integrated,0.00
04-01-24,Apr-24,Hours,V32,Almaty,Non-Integrated,296.00
04-01-24,Apr-24,Hours,V32,Atyrau,All,16800.00
04-01-24,Apr-24,Hours,V32,Atyrau,Integrated,1480.00
04-01-24,Apr-24,Hours,V32,Atyrau,Non-Integrated,15320.00
04-01-24,Apr-24,Hours,V32,Farnborough,All,3406.56
04-01-24,Apr-24,Hours,V32,Farnborough,Integrated,37.75
04-01-24,Apr-24,Hours,V32,Farnborough,Non-Integrated,3368.81
04-01-24,Apr-24,Hours,V32,New Delhi,All,80.00
04-01-24,Apr-24,Hours,V32,New Delhi,Integrated,0.00
04-01-24,Apr-24,Hours,V32,New Delhi,Non-Integrated,80.00
04-01-24,Apr-24,Hours,V32,Offshore Other,All,14.80
04-01-24,Apr-24,Hours,V32,Offshore Other,Integrated,0.00
04-01-24,Apr-24,Hours,V32,Offshore Other,Non-Integrated,14.80
04-01-24,Apr-24,Hours,V32,Tengiz,All,33943.00
04-01-24,Apr-24,Hours,V32,Tengiz,Integrated,28119.00
04-01-24,Apr-24,Hours,V32,Tengiz,Non-Integrated,5824.00
05-01-24,May-24,Hours,V32,Almaty,All,124.00
05-01-24,May-24,Hours,V32,Almaty,Integrated,0.00
05-01-24,May-24,Hours,V32,Almaty,Non-Integrated,124.00
05-01-24,May-24,Hours,V32,Atyrau,All,11824.00
05-01-24,May-24,Hours,V32,Atyrau,Integrated,1240.00
05-01-24,May-24,Hours,V32,Atyrau,Non-Integrated,10584.00
05-01-24,May-24,Hours,V32,Farnborough,All,3107.58
05-01-24,May-24,Hours,V32,Farnborough,Integrated,37.75
05-01-24,May-24,Hours,V32,Farnborough,Non-Integrated,3069.83
05-01-24,May-24,Hours,V32,New Delhi,All,80.00
05-01-24,May-24,Hours,V32,New Delhi,Integrated,0.00
05-01-24,May-24,Hours,V32,New Delhi,Non-Integrated,80.00
05-01-24,May-24,Hours,V32,Offshore Other,All,12.40
05-01-24,May-24,Hours,V32,Offshore Other,Integrated,0.00
05-01-24,May-24,Hours,V32,Offshore Other,Non-Integrated,12.40
05-01-24,May-24,Hours,V32,Tengiz,All,31005.00
05-01-24,May-24,Hours,V32,Tengiz,Integrated,26325.00
05-01-24,May-24,Hours,V32,Tengiz,Non-Integrated,4680.00
06-01-24,Jun-24,Hours,V32,Almaty,All,185.00
06-01-24,Jun-24,Hours,V32,Almaty,Integrated,0.00
06-01-24,Jun-24,Hours,V32,Almaty,Non-Integrated,185.00
06-01-24,Jun-24,Hours,V32,Atyrau,All,13292.00
06-01-24,Jun-24,Hours,V32,Atyrau,Integrated,1702.00
06-01-24,Jun-24,Hours,V32,Atyrau,Non-Integrated,11590.00
06-01-24,Jun-24,Hours,V32,Farnborough,All,2791.91
06-01-24,Jun-24,Hours,V32,Farnborough,Integrated,46.75
06-01-24,Jun-24,Hours,V32,Farnborough,Non-Integrated,2745.16
06-01-24,Jun-24,Hours,V32,New Delhi,All,0.00
06-01-24,Jun-24,Hours,V32,New Delhi,Integrated,0.00
06-01-24,Jun-24,Hours,V32,New Delhi,Non-Integrated,0.00
06-01-24,Jun-24,Hours,V32,Offshore Other,All,0.00
06-01-24,Jun-24,Hours,V32,Offshore Other,Integrated,0.00
06-01-24,Jun-24,Hours,V32,Offshore Other,Non-Integrated,0.00
06-01-24,Jun-24,Hours,V32,Tengiz,All,29523.00
06-01-24,Jun-24,Hours,V32,Tengiz,Integrated,23829.00
06-01-24,Jun-24,Hours,V32,Tengiz,Non-Integrated,5694.00
07-01-24,Jul-24,Hours,V32,Almaty,All,136.00
07-01-24,Jul-24,Hours,V32,Almaty,Integrated,0.00
07-01-24,Jul-24,Hours,V32,Almaty,Non-Integrated,136.00
07-01-24,Jul-24,Hours,V32,Atyrau,All,8020.00
07-01-24,Jul-24,Hours,V32,Atyrau,Integrated,136.00
07-01-24,Jul-24,Hours,V32,Atyrau,Non-Integrated,7884.00
07-01-24,Jul-24,Hours,V32,Farnborough,All,1921.60
07-01-24,Jul-24,Hours,V32,Farnborough,Integrated,0.00
07-01-24,Jul-24,Hours,V32,Farnborough,Non-Integrated,1921.60
07-01-24,Jul-24,Hours,V32,New Delhi,All,0.00
07-01-24,Jul-24,Hours,V32,New Delhi,Integrated,0.00
07-01-24,Jul-24,Hours,V32,New Delhi,Non-Integrated,0.00
07-01-24,Jul-24,Hours,V32,Offshore Other,All,0.00
07-01-24,Jul-24,Hours,V32,Offshore Other,Integrated,0.00
07-01-24,Jul-24,Hours,V32,Offshore Other,Non-Integrated,0.00
07-01-24,Jul-24,Hours,V32,Tengiz,All,9984.00
07-01-24,Jul-24,Hours,V32,Tengiz,Integrated,5616.00
07-01-24,Jul-24,Hours,V32,Tengiz,Non-Integrated,4368.00
08-01-24,Aug-24,Hours,V32,Almaty,All,140.00
08-01-24,Aug-24,Hours,V32,Almaty,Integrated,0.00
08-01-24,Aug-24,Hours,V32,Almaty,Non-Integrated,140.00
08-01-24,Aug-24,Hours,V32,Atyrau,All,6840.00
08-01-24,Aug-24,Hours,V32,Atyrau,Integrated,140.00
08-01-24,Aug-24,Hours,V32,Atyrau,Non-Integrated,6700.00
08-01-24,Aug-24,Hours,V32,Farnborough,All,1478.40
08-01-24,Aug-24,Hours,V32,Farnborough,Integrated,0.00
08-01-24,Aug-24,Hours,V32,Farnborough,Non-Integrated,1478.40
08-01-24,Aug-24,Hours,V32,New Delhi,All,0.00
08-01-24,Aug-24,Hours,V32,New Delhi,Integrated,0.00
08-01-24,Aug-24,Hours,V32,New Delhi,Non-Integrated,0.00
08-01-24,Aug-24,Hours,V32,Offshore Other,All,0.00
08-01-24,Aug-24,Hours,V32,Offshore Other,Integrated,0.00
08-01-24,Aug-24,Hours,V32,Offshore Other,Non-Integrated,0.00
08-01-24,Aug-24,Hours,V32,Tengiz,All,9087.00
08-01-24,Aug-24,Hours,V32,Tengiz,Integrated,4836.00
08-01-24,Aug-24,Hours,V32,Tengiz,Non-Integrated,4251.00
09-01-24,Sep-24,Hours,V32,Almaty,All,177.00
09-01-24,Sep-24,Hours,V32,Almaty,Integrated,0.00
09-01-24,Sep-24,Hours,V32,Almaty,Non-Integrated,177.00
09-01-24,Sep-24,Hours,V32,Atyrau,All,5454.00
09-01-24,Sep-24,Hours,V32,Atyrau,Integrated,177.00
09-01-24,Sep-24,Hours,V32,Atyrau,Non-Integrated,5277.00
09-01-24,Sep-24,Hours,V32,Farnborough,All,1066.65
09-01-24,Sep-24,Hours,V32,Farnborough,Integrated,0.00
09-01-24,Sep-24,Hours,V32,Farnborough,Non-Integrated,1066.65
09-01-24,Sep-24,Hours,V32,New Delhi,All,0.00
09-01-24,Sep-24,Hours,V32,New Delhi,Integrated,0.00
09-01-24,Sep-24,Hours,V32,New Delhi,Non-Integrated,0.00
09-01-24,Sep-24,Hours,V32,Offshore Other,All,0.00
09-01-24,Sep-24,Hours,V32,Offshore Other,Integrated,0.00
09-01-24,Sep-24,Hours,V32,Offshore Other,Non-Integrated,0.00
09-01-24,Sep-24,Hours,V32,Tengiz,All,7488.00
09-01-24,Sep-24,Hours,V32,Tengiz,Integrated,3939.00
09-01-24,Sep-24,Hours,V32,Tengiz,Non-Integrated,3549.00
10-01-24,Oct-24,Hours,V32,Almaty,All,148.00
10-01-24,Oct-24,Hours,V32,Almaty,Integrated,0.00
10-01-24,Oct-24,Hours,V32,Almaty,Non-Integrated,148.00
10-01-24,Oct-24,Hours,V32,Atyrau,All,3796.00
10-01-24,Oct-24,Hours,V32,Atyrau,Integrated,0.00
10-01-24,Oct-24,Hours,V32,Atyrau,Non-Integrated,3796.00
10-01-24,Oct-24,Hours,V32,Farnborough,All,715.20
10-01-24,Oct-24,Hours,V32,Farnborough,Integrated,0.00
10-01-24,Oct-24,Hours,V32,Farnborough,Non-Integrated,715.20
10-01-24,Oct-24,Hours,V32,New Delhi,All,0.00
10-01-24,Oct-24,Hours,V32,New Delhi,Integrated,0.00
10-01-24,Oct-24,Hours,V32,New Delhi,Non-Integrated,0.00
10-01-24,Oct-24,Hours,V32,Offshore Other,All,0.00
10-01-24,Oct-24,Hours,V32,Offshore Other,Integrated,0.00
10-01-24,Oct-24,Hours,V32,Offshore Other,Non-Integrated,0.00
10-01-24,Oct-24,Hours,V32,Tengiz,All,2028.00
10-01-24,Oct-24,Hours,V32,Tengiz,Integrated,468.00
10-01-24,Oct-24,Hours,V32,Tengiz,Non-Integrated,1560.00
11-01-24,Nov-24,Hours,V32,Almaty,All,148.00
11-01-24,Nov-24,Hours,V32,Almaty,Integrated,0.00
11-01-24,Nov-24,Hours,V32,Almaty,Non-Integrated,148.00
11-01-24,Nov-24,Hours,V32,Atyrau,All,3796.00
11-01-24,Nov-24,Hours,V32,Atyrau,Integrated,0.00
11-01-24,Nov-24,Hours,V32,Atyrau,Non-Integrated,3796.00
11-01-24,Nov-24,Hours,V32,Farnborough,All,715.20
11-01-24,Nov-24,Hours,V32,Farnborough,Integrated,0.00
11-01-24,Nov-24,Hours,V32,Farnborough,Non-Integrated,715.20
11-01-24,Nov-24,Hours,V32,New Delhi,All,0.00
11-01-24,Nov-24,Hours,V32,New Delhi,Integrated,0.00
11-01-24,Nov-24,Hours,V32,New Delhi,Non-Integrated,0.00
11-01-24,Nov-24,Hours,V32,Offshore Other,All,0.00
11-01-24,Nov-24,Hours,V32,Offshore Other,Integrated,0.00
11-01-24,Nov-24,Hours,V32,Offshore Other,Non-Integrated,0.00
11-01-24,Nov-24,Hours,V32,Tengiz,All,2028.00
11-01-24,Nov-24,Hours,V32,Tengiz,Integrated,468.00
11-01-24,Nov-24,Hours,V32,Tengiz,Non-Integrated,1560.00
12-01-24,Dec-24,Hours,V32,Almaty,All,161.00
12-01-24,Dec-24,Hours,V32,Almaty,Integrated,0.00
12-01-24,Dec-24,Hours,V32,Almaty,Non-Integrated,161.00
12-01-24,Dec-24,Hours,V32,Atyrau,All,2446.00
12-01-24,Dec-24,Hours,V32,Atyrau,Integrated,0.00
12-01-24,Dec-24,Hours,V32,Atyrau,Non-Integrated,2446.00
12-01-24,Dec-24,Hours,V32,Farnborough,All,715.20
12-01-24,Dec-24,Hours,V32,Farnborough,Integrated,0.00
12-01-24,Dec-24,Hours,V32,Farnborough,Non-Integrated,715.20
12-01-24,Dec-24,Hours,V32,New Delhi,All,0.00
12-01-24,Dec-24,Hours,V32,New Delhi,Integrated,0.00
12-01-24,Dec-24,Hours,V32,New Delhi,Non-Integrated,0.00
12-01-24,Dec-24,Hours,V32,Offshore Other,All,0.00
12-01-24,Dec-24,Hours,V32,Offshore Other,Integrated,0.00
12-01-24,Dec-24,Hours,V32,Offshore Other,Non-Integrated,0.00
12-01-24,Dec-24,Hours,V32,Tengiz,All,1404.00
12-01-24,Dec-24,Hours,V32,Tengiz,Integrated,429.00
12-01-24,Dec-24,Hours,V32,Tengiz,Non-Integrated,975.00
01-01-25,Jan-25,Hours,V32,Almaty,All,0.00
01-01-25,Jan-25,Hours,V32,Almaty,Integrated,0.00
01-01-25,Jan-25,Hours,V32,Almaty,Non-Integrated,0.00
01-01-25,Jan-25,Hours,V32,Atyrau,All,0.00
01-01-25,Jan-25,Hours,V32,Atyrau,Integrated,0.00
01-01-25,Jan-25,Hours,V32,Atyrau,Non-Integrated,0.00
01-01-25,Jan-25,Hours,V32,Farnborough,All,0.00
01-01-25,Jan-25,Hours,V32,Farnborough,Integrated,0.00
01-01-25,Jan-25,Hours,V32,Farnborough,Non-Integrated,0.00
01-01-25,Jan-25,Hours,V32,New Delhi,All,0.00
01-01-25,Jan-25,Hours,V32,New Delhi,Integrated,0.00
01-01-25,Jan-25,Hours,V32,New Delhi,Non-Integrated,0.00
01-01-25,Jan-25,Hours,V32,Offshore Other,All,0.00
01-01-25,Jan-25,Hours,V32,Offshore Other,Integrated,0.00
01-01-25,Jan-25,Hours,V32,Offshore Other,Non-Integrated,0.00
01-01-25,Jan-25,Hours,V32,Tengiz,All,0.00
01-01-25,Jan-25,Hours,V32,Tengiz,Integrated,0.00
01-01-25,Jan-25,Hours,V32,Tengiz,Non-Integrated,0.00
02-01-25,Feb-25,Hours,V32,Almaty,All,0.00
02-01-25,Feb-25,Hours,V32,Almaty,Integrated,0.00
02-01-25,Feb-25,Hours,V32,Almaty,Non-Integrated,0.00
02-01-25,Feb-25,Hours,V32,Atyrau,All,0.00
02-01-25,Feb-25,Hours,V32,Atyrau,Integrated,0.00
02-01-25,Feb-25,Hours,V32,Atyrau,Non-Integrated,0.00
02-01-25,Feb-25,Hours,V32,Farnborough,All,0.00
02-01-25,Feb-25,Hours,V32,Farnborough,Integrated,0.00
02-01-25,Feb-25,Hours,V32,Farnborough,Non-Integrated,0.00
02-01-25,Feb-25,Hours,V32,New Delhi,All,0.00
02-01-25,Feb-25,Hours,V32,New Delhi,Integrated,0.00
02-01-25,Feb-25,Hours,V32,New Delhi,Non-Integrated,0.00
02-01-25,Feb-25,Hours,V32,Offshore Other,All,0.00
02-01-25,Feb-25,Hours,V32,Offshore Other,Integrated,0.00
02-01-25,Feb-25,Hours,V32,Offshore Other,Non-Integrated,0.00
02-01-25,Feb-25,Hours,V32,Tengiz,All,0.00
02-01-25,Feb-25,Hours,V32,Tengiz,Integrated,0.00
02-01-25,Feb-25,Hours,V32,Tengiz,Non-Integrated,0.00
03-01-25,Mar-25,Hours,V32,Almaty,All,0.00
03-01-25,Mar-25,Hours,V32,Almaty,Integrated,0.00
03-01-25,Mar-25,Hours,V32,Almaty,Non-Integrated,0.00
03-01-25,Mar-25,Hours,V32,Atyrau,All,0.00
03-01-25,Mar-25,Hours,V32,Atyrau,Integrated,0.00
03-01-25,Mar-25,Hours,V32,Atyrau,Non-Integrated,0.00
03-01-25,Mar-25,Hours,V32,Farnborough,All,0.00
03-01-25,Mar-25,Hours,V32,Farnborough,Integrated,0.00
03-01-25,Mar-25,Hours,V32,Farnborough,Non-Integrated,0.00
03-01-25,Mar-25,Hours,V32,New Delhi,All,0.00
03-01-25,Mar-25,Hours,V32,New Delhi,Integrated,0.00
03-01-25,Mar-25,Hours,V32,New Delhi,Non-Integrated,0.00
03-01-25,Mar-25,Hours,V32,Offshore Other,All,0.00
03-01-25,Mar-25,Hours,V32,Offshore Other,Integrated,0.00
03-01-25,Mar-25,Hours,V32,Offshore Other,Non-Integrated,0.00
03-01-25,Mar-25,Hours,V32,Tengiz,All,0.00
03-01-25,Mar-25,Hours,V32,Tengiz,Integrated,0.00
03-01-25,Mar-25,Hours,V32,Tengiz,Non-Integrated,0.00
04-01-25,Apr-25,Hours,V32,Almaty,All,0.00
04-01-25,Apr-25,Hours,V32,Almaty,Integrated,0.00
04-01-25,Apr-25,Hours,V32,Almaty,Non-Integrated,0.00
04-01-25,Apr-25,Hours,V32,Atyrau,All,0.00
04-01-25,Apr-25,Hours,V32,Atyrau,Integrated,0.00
04-01-25,Apr-25,Hours,V32,Atyrau,Non-Integrated,0.00
04-01-25,Apr-25,Hours,V32,Farnborough,All,0.00
04-01-25,Apr-25,Hours,V32,Farnborough,Integrated,0.00
04-01-25,Apr-25,Hours,V32,Farnborough,Non-Integrated,0.00
04-01-25,Apr-25,Hours,V32,New Delhi,All,0.00
04-01-25,Apr-25,Hours,V32,New Delhi,Integrated,0.00
04-01-25,Apr-25,Hours,V32,New Delhi,Non-Integrated,0.00
04-01-25,Apr-25,Hours,V32,Offshore Other,All,0.00
04-01-25,Apr-25,Hours,V32,Offshore Other,Integrated,0.00
04-01-25,Apr-25,Hours,V32,Offshore Other,Non-Integrated,0.00
04-01-25,Apr-25,Hours,V32,Tengiz,All,0.00
04-01-25,Apr-25,Hours,V32,Tengiz,Integrated,0.00
04-01-25,Apr-25,Hours,V32,Tengiz,Non-Integrated,0.00
01-01-24,Jan-24,FTE,V33,Almaty,All,2.00
01-01-24,Jan-24,FTE,V33,Almaty,Integrated,0.00
01-01-24,Jan-24,FTE,V33,Almaty,Non-Integrated,2.00
01-01-24,Jan-24,FTE,V33,Atyrau,All,145.00
01-01-24,Jan-24,FTE,V33,Atyrau,Integrated,14.00
01-01-24,Jan-24,FTE,V33,Atyrau,Non-Integrated,131.00
01-01-24,Jan-24,FTE,V33,Farnborough,All,33.59
01-01-24,Jan-24,FTE,V33,Farnborough,Integrated,0.85
01-01-24,Jan-24,FTE,V33,Farnborough,Non-Integrated,32.74
01-01-24,Jan-24,FTE,V33,New Delhi,All,1.89
01-01-24,Jan-24,FTE,V33,New Delhi,Integrated,0.00
01-01-24,Jan-24,FTE,V33,New Delhi,Non-Integrated,1.89
01-01-24,Jan-24,FTE,V33,Offshore Other,All,0.10
01-01-24,Jan-24,FTE,V33,Offshore Other,Integrated,0.00
01-01-24,Jan-24,FTE,V33,Offshore Other,Non-Integrated,0.10
01-01-24,Jan-24,FTE,V33,Tengiz,All,186.00
01-01-24,Jan-24,FTE,V33,Tengiz,Integrated,133.00
01-01-24,Jan-24,FTE,V33,Tengiz,Non-Integrated,53.00
02-01-24,Feb-24,FTE,V33,Almaty,All,2.00
02-01-24,Feb-24,FTE,V33,Almaty,Integrated,0.00
02-01-24,Feb-24,FTE,V33,Almaty,Non-Integrated,2.00
02-01-24,Feb-24,FTE,V33,Atyrau,All,144.00
02-01-24,Feb-24,FTE,V33,Atyrau,Integrated,14.00
02-01-24,Feb-24,FTE,V33,Atyrau,Non-Integrated,130.00
02-01-24,Feb-24,FTE,V33,Farnborough,All,32.95
02-01-24,Feb-24,FTE,V33,Farnborough,Integrated,0.85
02-01-24,Feb-24,FTE,V33,Farnborough,Non-Integrated,32.10
02-01-24,Feb-24,FTE,V33,New Delhi,All,1.89
02-01-24,Feb-24,FTE,V33,New Delhi,Integrated,0.00
02-01-24,Feb-24,FTE,V33,New Delhi,Non-Integrated,1.89
02-01-24,Feb-24,FTE,V33,Offshore Other,All,0.10
02-01-24,Feb-24,FTE,V33,Offshore Other,Integrated,0.00
02-01-24,Feb-24,FTE,V33,Offshore Other,Non-Integrated,0.10
02-01-24,Feb-24,FTE,V33,Tengiz,All,178.50
02-01-24,Feb-24,FTE,V33,Tengiz,Integrated,131.50
02-01-24,Feb-24,FTE,V33,Tengiz,Non-Integrated,47.00
03-01-24,Mar-24,FTE,V33,Almaty,All,2.00
03-01-24,Mar-24,FTE,V33,Almaty,Integrated,0.00
03-01-24,Mar-24,FTE,V33,Almaty,Non-Integrated,2.00
03-01-24,Mar-24,FTE,V33,Atyrau,All,135.00
03-01-24,Mar-24,FTE,V33,Atyrau,Integrated,14.00
03-01-24,Mar-24,FTE,V33,Atyrau,Non-Integrated,121.00
03-01-24,Mar-24,FTE,V33,Farnborough,All,32.06
03-01-24,Mar-24,FTE,V33,Farnborough,Integrated,0.85
03-01-24,Mar-24,FTE,V33,Farnborough,Non-Integrated,31.21
03-01-24,Mar-24,FTE,V33,New Delhi,All,1.00
03-01-24,Mar-24,FTE,V33,New Delhi,Integrated,0.00
03-01-24,Mar-24,FTE,V33,New Delhi,Non-Integrated,1.00
03-01-24,Mar-24,FTE,V33,Offshore Other,All,0.10
03-01-24,Mar-24,FTE,V33,Offshore Other,Integrated,0.00
03-01-24,Mar-24,FTE,V33,Offshore Other,Non-Integrated,0.10
03-01-24,Mar-24,FTE,V33,Tengiz,All,166.00
03-01-24,Mar-24,FTE,V33,Tengiz,Integrated,128.00
03-01-24,Mar-24,FTE,V33,Tengiz,Non-Integrated,38.00
04-01-24,Apr-24,FTE,V33,Almaty,All,2.00
04-01-24,Apr-24,FTE,V33,Almaty,Integrated,0.00
04-01-24,Apr-24,FTE,V33,Almaty,Non-Integrated,2.00
04-01-24,Apr-24,FTE,V33,Atyrau,All,118.00
04-01-24,Apr-24,FTE,V33,Atyrau,Integrated,10.00
04-01-24,Apr-24,FTE,V33,Atyrau,Non-Integrated,108.00
04-01-24,Apr-24,FTE,V33,Farnborough,All,25.82
04-01-24,Apr-24,FTE,V33,Farnborough,Integrated,0.85
04-01-24,Apr-24,FTE,V33,Farnborough,Non-Integrated,24.97
04-01-24,Apr-24,FTE,V33,New Delhi,All,0.50
04-01-24,Apr-24,FTE,V33,New Delhi,Integrated,0.00
04-01-24,Apr-24,FTE,V33,New Delhi,Non-Integrated,0.50
04-01-24,Apr-24,FTE,V33,Offshore Other,All,0.10
04-01-24,Apr-24,FTE,V33,Offshore Other,Integrated,0.00
04-01-24,Apr-24,FTE,V33,Offshore Other,Non-Integrated,0.10
04-01-24,Apr-24,FTE,V33,Tengiz,All,124.00
04-01-24,Apr-24,FTE,V33,Tengiz,Integrated,102.00
04-01-24,Apr-24,FTE,V33,Tengiz,Non-Integrated,22.00
05-01-24,May-24,FTE,V33,Almaty,All,1.00
05-01-24,May-24,FTE,V33,Almaty,Integrated,0.00
05-01-24,May-24,FTE,V33,Almaty,Non-Integrated,1.00
05-01-24,May-24,FTE,V33,Atyrau,All,97.00
05-01-24,May-24,FTE,V33,Atyrau,Integrated,10.00
05-01-24,May-24,FTE,V33,Atyrau,Non-Integrated,87.00
05-01-24,May-24,FTE,V33,Farnborough,All,21.85
05-01-24,May-24,FTE,V33,Farnborough,Integrated,0.85
05-01-24,May-24,FTE,V33,Farnborough,Non-Integrated,21.00
05-01-24,May-24,FTE,V33,New Delhi,All,0.50
05-01-24,May-24,FTE,V33,New Delhi,Integrated,0.00
05-01-24,May-24,FTE,V33,New Delhi,Non-Integrated,0.50
05-01-24,May-24,FTE,V33,Offshore Other,All,0.10
05-01-24,May-24,FTE,V33,Offshore Other,Integrated,0.00
05-01-24,May-24,FTE,V33,Offshore Other,Non-Integrated,0.10
05-01-24,May-24,FTE,V33,Tengiz,All,113.00
05-01-24,May-24,FTE,V33,Tengiz,Integrated,98.00
05-01-24,May-24,FTE,V33,Tengiz,Non-Integrated,15.00
06-01-24,Jun-24,FTE,V33,Almaty,All,1.00
06-01-24,Jun-24,FTE,V33,Almaty,Integrated,0.00
06-01-24,Jun-24,FTE,V33,Almaty,Non-Integrated,1.00
06-01-24,Jun-24,FTE,V33,Atyrau,All,76.00
06-01-24,Jun-24,FTE,V33,Atyrau,Integrated,10.00
06-01-24,Jun-24,FTE,V33,Atyrau,Non-Integrated,66.00
06-01-24,Jun-24,FTE,V33,Farnborough,All,11.06
06-01-24,Jun-24,FTE,V33,Farnborough,Integrated,0.85
06-01-24,Jun-24,FTE,V33,Farnborough,Non-Integrated,10.21
06-01-24,Jun-24,FTE,V33,New Delhi,All,0.00
06-01-24,Jun-24,FTE,V33,New Delhi,Integrated,0.00
06-01-24,Jun-24,FTE,V33,New Delhi,Non-Integrated,0.00
06-01-24,Jun-24,FTE,V33,Offshore Other,All,0.00
06-01-24,Jun-24,FTE,V33,Offshore Other,Integrated,0.00
06-01-24,Jun-24,FTE,V33,Offshore Other,Non-Integrated,0.00
06-01-24,Jun-24,FTE,V33,Tengiz,All,100.50
06-01-24,Jun-24,FTE,V33,Tengiz,Integrated,87.00
06-01-24,Jun-24,FTE,V33,Tengiz,Non-Integrated,13.50
07-01-24,Jul-24,FTE,V33,Almaty,All,1.00
07-01-24,Jul-24,FTE,V33,Almaty,Integrated,0.00
07-01-24,Jul-24,FTE,V33,Almaty,Non-Integrated,1.00
07-01-24,Jul-24,FTE,V33,Atyrau,All,60.00
07-01-24,Jul-24,FTE,V33,Atyrau,Integrated,1.00
07-01-24,Jul-24,FTE,V33,Atyrau,Non-Integrated,59.00
07-01-24,Jul-24,FTE,V33,Farnborough,All,9.32
07-01-24,Jul-24,FTE,V33,Farnborough,Integrated,0.00
07-01-24,Jul-24,FTE,V33,Farnborough,Non-Integrated,9.32
07-01-24,Jul-24,FTE,V33,New Delhi,All,0.00
07-01-24,Jul-24,FTE,V33,New Delhi,Integrated,0.00
07-01-24,Jul-24,FTE,V33,New Delhi,Non-Integrated,0.00
07-01-24,Jul-24,FTE,V33,Offshore Other,All,0.00
07-01-24,Jul-24,FTE,V33,Offshore Other,Integrated,0.00
07-01-24,Jul-24,FTE,V33,Offshore Other,Non-Integrated,0.00
07-01-24,Jul-24,FTE,V33,Tengiz,All,25.50
07-01-24,Jul-24,FTE,V33,Tengiz,Integrated,17.50
07-01-24,Jul-24,FTE,V33,Tengiz,Non-Integrated,8.00
08-01-24,Aug-24,FTE,V33,Almaty,All,1.00
08-01-24,Aug-24,FTE,V33,Almaty,Integrated,0.00
08-01-24,Aug-24,FTE,V33,Almaty,Non-Integrated,1.00
08-01-24,Aug-24,FTE,V33,Atyrau,All,50.00
08-01-24,Aug-24,FTE,V33,Atyrau,Integrated,1.00
08-01-24,Aug-24,FTE,V33,Atyrau,Non-Integrated,49.00
08-01-24,Aug-24,FTE,V33,Farnborough,All,9.32
08-01-24,Aug-24,FTE,V33,Farnborough,Integrated,0.00
08-01-24,Aug-24,FTE,V33,Farnborough,Non-Integrated,9.32
08-01-24,Aug-24,FTE,V33,New Delhi,All,0.00
08-01-24,Aug-24,FTE,V33,New Delhi,Integrated,0.00
08-01-24,Aug-24,FTE,V33,New Delhi,Non-Integrated,0.00
08-01-24,Aug-24,FTE,V33,Offshore Other,All,0.00
08-01-24,Aug-24,FTE,V33,Offshore Other,Integrated,0.00
08-01-24,Aug-24,FTE,V33,Offshore Other,Non-Integrated,0.00
08-01-24,Aug-24,FTE,V33,Tengiz,All,21.50
08-01-24,Aug-24,FTE,V33,Tengiz,Integrated,16.50
08-01-24,Aug-24,FTE,V33,Tengiz,Non-Integrated,5.00
09-01-24,Sep-24,FTE,V33,Almaty,All,1.00
09-01-24,Sep-24,FTE,V33,Almaty,Integrated,0.00
09-01-24,Sep-24,FTE,V33,Almaty,Non-Integrated,1.00
09-01-24,Sep-24,FTE,V33,Atyrau,All,18.00
09-01-24,Sep-24,FTE,V33,Atyrau,Integrated,1.00
09-01-24,Sep-24,FTE,V33,Atyrau,Non-Integrated,17.00
09-01-24,Sep-24,FTE,V33,Farnborough,All,5.76
09-01-24,Sep-24,FTE,V33,Farnborough,Integrated,0.00
09-01-24,Sep-24,FTE,V33,Farnborough,Non-Integrated,5.76
09-01-24,Sep-24,FTE,V33,New Delhi,All,0.00
09-01-24,Sep-24,FTE,V33,New Delhi,Integrated,0.00
09-01-24,Sep-24,FTE,V33,New Delhi,Non-Integrated,0.00
09-01-24,Sep-24,FTE,V33,Offshore Other,All,0.00
09-01-24,Sep-24,FTE,V33,Offshore Other,Integrated,0.00
09-01-24,Sep-24,FTE,V33,Offshore Other,Non-Integrated,0.00
09-01-24,Sep-24,FTE,V33,Tengiz,All,17.00
09-01-24,Sep-24,FTE,V33,Tengiz,Integrated,13.50
09-01-24,Sep-24,FTE,V33,Tengiz,Non-Integrated,3.50
10-01-24,Oct-24,FTE,V33,Almaty,All,0.00
10-01-24,Oct-24,FTE,V33,Almaty,Integrated,0.00
10-01-24,Oct-24,FTE,V33,Almaty,Non-Integrated,0.00
10-01-24,Oct-24,FTE,V33,Atyrau,All,1.00
10-01-24,Oct-24,FTE,V33,Atyrau,Integrated,1.00
10-01-24,Oct-24,FTE,V33,Atyrau,Non-Integrated,0.00
10-01-24,Oct-24,FTE,V33,Farnborough,All,0.00
10-01-24,Oct-24,FTE,V33,Farnborough,Integrated,0.00
10-01-24,Oct-24,FTE,V33,Farnborough,Non-Integrated,0.00
10-01-24,Oct-24,FTE,V33,New Delhi,All,0.00
10-01-24,Oct-24,FTE,V33,New Delhi,Integrated,0.00
10-01-24,Oct-24,FTE,V33,New Delhi,Non-Integrated,0.00
10-01-24,Oct-24,FTE,V33,Offshore Other,All,0.00
10-01-24,Oct-24,FTE,V33,Offshore Other,Integrated,0.00
10-01-24,Oct-24,FTE,V33,Offshore Other,Non-Integrated,0.00
10-01-24,Oct-24,FTE,V33,Tengiz,All,7.50
10-01-24,Oct-24,FTE,V33,Tengiz,Integrated,5.50
10-01-24,Oct-24,FTE,V33,Tengiz,Non-Integrated,2.00
11-01-24,Nov-24,FTE,V33,Almaty,All,0.00
11-01-24,Nov-24,FTE,V33,Almaty,Integrated,0.00
11-01-24,Nov-24,FTE,V33,Almaty,Non-Integrated,0.00
11-01-24,Nov-24,FTE,V33,Atyrau,All,0.00
11-01-24,Nov-24,FTE,V33,Atyrau,Integrated,0.00
11-01-24,Nov-24,FTE,V33,Atyrau,Non-Integrated,0.00
11-01-24,Nov-24,FTE,V33,Farnborough,All,0.00
11-01-24,Nov-24,FTE,V33,Farnborough,Integrated,0.00
11-01-24,Nov-24,FTE,V33,Farnborough,Non-Integrated,0.00
11-01-24,Nov-24,FTE,V33,New Delhi,All,0.00
11-01-24,Nov-24,FTE,V33,New Delhi,Integrated,0.00
11-01-24,Nov-24,FTE,V33,New Delhi,Non-Integrated,0.00
11-01-24,Nov-24,FTE,V33,Offshore Other,All,0.00
11-01-24,Nov-24,FTE,V33,Offshore Other,Integrated,0.00
11-01-24,Nov-24,FTE,V33,Offshore Other,Non-Integrated,0.00
11-01-24,Nov-24,FTE,V33,Tengiz,All,5.00
11-01-24,Nov-24,FTE,V33,Tengiz,Integrated,3.00
11-01-24,Nov-24,FTE,V33,Tengiz,Non-Integrated,2.00
12-01-24,Dec-24,FTE,V33,Almaty,All,0.00
12-01-24,Dec-24,FTE,V33,Almaty,Integrated,0.00
12-01-24,Dec-24,FTE,V33,Almaty,Non-Integrated,0.00
12-01-24,Dec-24,FTE,V33,Atyrau,All,0.00
12-01-24,Dec-24,FTE,V33,Atyrau,Integrated,0.00
12-01-24,Dec-24,FTE,V33,Atyrau,Non-Integrated,0.00
12-01-24,Dec-24,FTE,V33,Farnborough,All,0.00
12-01-24,Dec-24,FTE,V33,Farnborough,Integrated,0.00
12-01-24,Dec-24,FTE,V33,Farnborough,Non-Integrated,0.00
12-01-24,Dec-24,FTE,V33,New Delhi,All,0.00
12-01-24,Dec-24,FTE,V33,New Delhi,Integrated,0.00
12-01-24,Dec-24,FTE,V33,New Delhi,Non-Integrated,0.00
12-01-24,Dec-24,FTE,V33,Offshore Other,All,0.00
12-01-24,Dec-24,FTE,V33,Offshore Other,Integrated,0.00
12-01-24,Dec-24,FTE,V33,Offshore Other,Non-Integrated,0.00
12-01-24,Dec-24,FTE,V33,Tengiz,All,3.50
12-01-24,Dec-24,FTE,V33,Tengiz,Integrated,2.50
12-01-24,Dec-24,FTE,V33,Tengiz,Non-Integrated,1.00
01-01-25,Jan-25,FTE,V33,Almaty,All,0.00
01-01-25,Jan-25,FTE,V33,Almaty,Integrated,0.00
01-01-25,Jan-25,FTE,V33,Almaty,Non-Integrated,0.00
01-01-25,Jan-25,FTE,V33,Atyrau,All,0.00
01-01-25,Jan-25,FTE,V33,Atyrau,Integrated,0.00
01-01-25,Jan-25,FTE,V33,Atyrau,Non-Integrated,0.00
01-01-25,Jan-25,FTE,V33,Farnborough,All,0.00
01-01-25,Jan-25,FTE,V33,Farnborough,Integrated,0.00
01-01-25,Jan-25,FTE,V33,Farnborough,Non-Integrated,0.00
01-01-25,Jan-25,FTE,V33,New Delhi,All,0.00
01-01-25,Jan-25,FTE,V33,New Delhi,Integrated,0.00
01-01-25,Jan-25,FTE,V33,New Delhi,Non-Integrated,0.00
01-01-25,Jan-25,FTE,V33,Offshore Other,All,0.00
01-01-25,Jan-25,FTE,V33,Offshore Other,Integrated,0.00
01-01-25,Jan-25,FTE,V33,Offshore Other,Non-Integrated,0.00
01-01-25,Jan-25,FTE,V33,Tengiz,All,0.00
01-01-25,Jan-25,FTE,V33,Tengiz,Integrated,0.00
01-01-25,Jan-25,FTE,V33,Tengiz,Non-Integrated,0.00
02-01-25,Feb-25,FTE,V33,Almaty,All,0.00
02-01-25,Feb-25,FTE,V33,Almaty,Integrated,0.00
02-01-25,Feb-25,FTE,V33,Almaty,Non-Integrated,0.00
02-01-25,Feb-25,FTE,V33,Atyrau,All,0.00
02-01-25,Feb-25,FTE,V33,Atyrau,Integrated,0.00
02-01-25,Feb-25,FTE,V33,Atyrau,Non-Integrated,0.00
02-01-25,Feb-25,FTE,V33,Farnborough,All,0.00
02-01-25,Feb-25,FTE,V33,Farnborough,Integrated,0.00
02-01-25,Feb-25,FTE,V33,Farnborough,Non-Integrated,0.00
02-01-25,Feb-25,FTE,V33,New Delhi,All,0.00
02-01-25,Feb-25,FTE,V33,New Delhi,Integrated,0.00
02-01-25,Feb-25,FTE,V33,New Delhi,Non-Integrated,0.00
02-01-25,Feb-25,FTE,V33,Offshore Other,All,0.00
02-01-25,Feb-25,FTE,V33,Offshore Other,Integrated,0.00
02-01-25,Feb-25,FTE,V33,Offshore Other,Non-Integrated,0.00
02-01-25,Feb-25,FTE,V33,Tengiz,All,0.00
02-01-25,Feb-25,FTE,V33,Tengiz,Integrated,0.00
02-01-25,Feb-25,FTE,V33,Tengiz,Non-Integrated,0.00
03-01-25,Mar-25,FTE,V33,Almaty,All,0.00
03-01-25,Mar-25,FTE,V33,Almaty,Integrated,0.00
03-01-25,Mar-25,FTE,V33,Almaty,Non-Integrated,0.00
03-01-25,Mar-25,FTE,V33,Atyrau,All,0.00
03-01-25,Mar-25,FTE,V33,Atyrau,Integrated,0.00
03-01-25,Mar-25,FTE,V33,Atyrau,Non-Integrated,0.00
03-01-25,Mar-25,FTE,V33,Farnborough,All,0.00
03-01-25,Mar-25,FTE,V33,Farnborough,Integrated,0.00
03-01-25,Mar-25,FTE,V33,Farnborough,Non-Integrated,0.00
03-01-25,Mar-25,FTE,V33,New Delhi,All,0.00
03-01-25,Mar-25,FTE,V33,New Delhi,Integrated,0.00
03-01-25,Mar-25,FTE,V33,New Delhi,Non-Integrated,0.00
03-01-25,Mar-25,FTE,V33,Offshore Other,All,0.00
03-01-25,Mar-25,FTE,V33,Offshore Other,Integrated,0.00
03-01-25,Mar-25,FTE,V33,Offshore Other,Non-Integrated,0.00
03-01-25,Mar-25,FTE,V33,Tengiz,All,0.00
03-01-25,Mar-25,FTE,V33,Tengiz,Integrated,0.00
03-01-25,Mar-25,FTE,V33,Tengiz,Non-Integrated,0.00
04-01-25,Apr-25,FTE,V33,Almaty,All,0.00
04-01-25,Apr-25,FTE,V33,Almaty,Integrated,0.00
04-01-25,Apr-25,FTE,V33,Almaty,Non-Integrated,0.00
04-01-25,Apr-25,FTE,V33,Atyrau,All,0.00
04-01-25,Apr-25,FTE,V33,Atyrau,Integrated,0.00
04-01-25,Apr-25,FTE,V33,Atyrau,Non-Integrated,0.00
04-01-25,Apr-25,FTE,V33,Farnborough,All,0.00
04-01-25,Apr-25,FTE,V33,Farnborough,Integrated,0.00
04-01-25,Apr-25,FTE,V33,Farnborough,Non-Integrated,0.00
04-01-25,Apr-25,FTE,V33,New Delhi,All,0.00
04-01-25,Apr-25,FTE,V33,New Delhi,Integrated,0.00
04-01-25,Apr-25,FTE,V33,New Delhi,Non-Integrated,0.00
04-01-25,Apr-25,FTE,V33,Offshore Other,All,0.00
04-01-25,Apr-25,FTE,V33,Offshore Other,Integrated,0.00
04-01-25,Apr-25,FTE,V33,Offshore Other,Non-Integrated,0.00
04-01-25,Apr-25,FTE,V33,Tengiz,All,0.00
04-01-25,Apr-25,FTE,V33,Tengiz,Integrated,0.00
04-01-25,Apr-25,FTE,V33,Tengiz,Non-Integrated,0.00
01-01-24,Jan-24,HeadCount,V33,Almaty,All,2.00
01-01-24,Jan-24,HeadCount,V33,Almaty,Integrated,0.00
01-01-24,Jan-24,HeadCount,V33,Almaty,Non-Integrated,2.00
01-01-24,Jan-24,HeadCount,V33,Atyrau,All,145.00
01-01-24,Jan-24,HeadCount,V33,Atyrau,Integrated,14.00
01-01-24,Jan-24,HeadCount,V33,Atyrau,Non-Integrated,131.00
01-01-24,Jan-24,HeadCount,V33,Farnborough,All,49.00
01-01-24,Jan-24,HeadCount,V33,Farnborough,Integrated,2.00
01-01-24,Jan-24,HeadCount,V33,Farnborough,Non-Integrated,47.00
01-01-24,Jan-24,HeadCount,V33,New Delhi,All,3.00
01-01-24,Jan-24,HeadCount,V33,New Delhi,Integrated,0.00
01-01-24,Jan-24,HeadCount,V33,New Delhi,Non-Integrated,3.00
01-01-24,Jan-24,HeadCount,V33,Offshore Other,All,1.00
01-01-24,Jan-24,HeadCount,V33,Offshore Other,Integrated,0.00
01-01-24,Jan-24,HeadCount,V33,Offshore Other,Non-Integrated,1.00
01-01-24,Jan-24,HeadCount,V33,Tengiz,All,370.00
01-01-24,Jan-24,HeadCount,V33,Tengiz,Integrated,266.00
01-01-24,Jan-24,HeadCount,V33,Tengiz,Non-Integrated,104.00
02-01-24,Feb-24,HeadCount,V33,Almaty,All,2.00
02-01-24,Feb-24,HeadCount,V33,Almaty,Integrated,0.00
02-01-24,Feb-24,HeadCount,V33,Almaty,Non-Integrated,2.00
02-01-24,Feb-24,HeadCount,V33,Atyrau,All,144.00
02-01-24,Feb-24,HeadCount,V33,Atyrau,Integrated,14.00
02-01-24,Feb-24,HeadCount,V33,Atyrau,Non-Integrated,130.00
02-01-24,Feb-24,HeadCount,V33,Farnborough,All,49.00
02-01-24,Feb-24,HeadCount,V33,Farnborough,Integrated,2.00
02-01-24,Feb-24,HeadCount,V33,Farnborough,Non-Integrated,47.00
02-01-24,Feb-24,HeadCount,V33,New Delhi,All,3.00
02-01-24,Feb-24,HeadCount,V33,New Delhi,Integrated,0.00
02-01-24,Feb-24,HeadCount,V33,New Delhi,Non-Integrated,3.00
02-01-24,Feb-24,HeadCount,V33,Offshore Other,All,1.00
02-01-24,Feb-24,HeadCount,V33,Offshore Other,Integrated,0.00
02-01-24,Feb-24,HeadCount,V33,Offshore Other,Non-Integrated,1.00
02-01-24,Feb-24,HeadCount,V33,Tengiz,All,356.00
02-01-24,Feb-24,HeadCount,V33,Tengiz,Integrated,263.00
02-01-24,Feb-24,HeadCount,V33,Tengiz,Non-Integrated,93.00
03-01-24,Mar-24,HeadCount,V33,Almaty,All,2.00
03-01-24,Mar-24,HeadCount,V33,Almaty,Integrated,0.00
03-01-24,Mar-24,HeadCount,V33,Almaty,Non-Integrated,2.00
03-01-24,Mar-24,HeadCount,V33,Atyrau,All,135.00
03-01-24,Mar-24,HeadCount,V33,Atyrau,Integrated,14.00
03-01-24,Mar-24,HeadCount,V33,Atyrau,Non-Integrated,121.00
03-01-24,Mar-24,HeadCount,V33,Farnborough,All,48.00
03-01-24,Mar-24,HeadCount,V33,Farnborough,Integrated,2.00
03-01-24,Mar-24,HeadCount,V33,Farnborough,Non-Integrated,46.00
03-01-24,Mar-24,HeadCount,V33,New Delhi,All,2.00
03-01-24,Mar-24,HeadCount,V33,New Delhi,Integrated,0.00
03-01-24,Mar-24,HeadCount,V33,New Delhi,Non-Integrated,2.00
03-01-24,Mar-24,HeadCount,V33,Offshore Other,All,1.00
03-01-24,Mar-24,HeadCount,V33,Offshore Other,Integrated,0.00
03-01-24,Mar-24,HeadCount,V33,Offshore Other,Non-Integrated,1.00
03-01-24,Mar-24,HeadCount,V33,Tengiz,All,331.00
03-01-24,Mar-24,HeadCount,V33,Tengiz,Integrated,256.00
03-01-24,Mar-24,HeadCount,V33,Tengiz,Non-Integrated,75.00
04-01-24,Apr-24,HeadCount,V33,Almaty,All,2.00
04-01-24,Apr-24,HeadCount,V33,Almaty,Integrated,0.00
04-01-24,Apr-24,HeadCount,V33,Almaty,Non-Integrated,2.00
04-01-24,Apr-24,HeadCount,V33,Atyrau,All,118.00
04-01-24,Apr-24,HeadCount,V33,Atyrau,Integrated,10.00
04-01-24,Apr-24,HeadCount,V33,Atyrau,Non-Integrated,108.00
04-01-24,Apr-24,HeadCount,V33,Farnborough,All,39.00
04-01-24,Apr-24,HeadCount,V33,Farnborough,Integrated,2.00
04-01-24,Apr-24,HeadCount,V33,Farnborough,Non-Integrated,37.00
04-01-24,Apr-24,HeadCount,V33,New Delhi,All,1.00
04-01-24,Apr-24,HeadCount,V33,New Delhi,Integrated,0.00
04-01-24,Apr-24,HeadCount,V33,New Delhi,Non-Integrated,1.00
04-01-24,Apr-24,HeadCount,V33,Offshore Other,All,1.00
04-01-24,Apr-24,HeadCount,V33,Offshore Other,Integrated,0.00
04-01-24,Apr-24,HeadCount,V33,Offshore Other,Non-Integrated,1.00
04-01-24,Apr-24,HeadCount,V33,Tengiz,All,247.00
04-01-24,Apr-24,HeadCount,V33,Tengiz,Integrated,204.00
04-01-24,Apr-24,HeadCount,V33,Tengiz,Non-Integrated,43.00
05-01-24,May-24,HeadCount,V33,Almaty,All,1.00
05-01-24,May-24,HeadCount,V33,Almaty,Integrated,0.00
05-01-24,May-24,HeadCount,V33,Almaty,Non-Integrated,1.00
05-01-24,May-24,HeadCount,V33,Atyrau,All,97.00
05-01-24,May-24,HeadCount,V33,Atyrau,Integrated,10.00
05-01-24,May-24,HeadCount,V33,Atyrau,Non-Integrated,87.00
05-01-24,May-24,HeadCount,V33,Farnborough,All,33.00
05-01-24,May-24,HeadCount,V33,Farnborough,Integrated,2.00
05-01-24,May-24,HeadCount,V33,Farnborough,Non-Integrated,31.00
05-01-24,May-24,HeadCount,V33,New Delhi,All,1.00
05-01-24,May-24,HeadCount,V33,New Delhi,Integrated,0.00
05-01-24,May-24,HeadCount,V33,New Delhi,Non-Integrated,1.00
05-01-24,May-24,HeadCount,V33,Offshore Other,All,1.00
05-01-24,May-24,HeadCount,V33,Offshore Other,Integrated,0.00
05-01-24,May-24,HeadCount,V33,Offshore Other,Non-Integrated,1.00
05-01-24,May-24,HeadCount,V33,Tengiz,All,226.00
05-01-24,May-24,HeadCount,V33,Tengiz,Integrated,196.00
05-01-24,May-24,HeadCount,V33,Tengiz,Non-Integrated,30.00
06-01-24,Jun-24,HeadCount,V33,Almaty,All,1.00
06-01-24,Jun-24,HeadCount,V33,Almaty,Integrated,0.00
06-01-24,Jun-24,HeadCount,V33,Almaty,Non-Integrated,1.00
06-01-24,Jun-24,HeadCount,V33,Atyrau,All,76.00
06-01-24,Jun-24,HeadCount,V33,Atyrau,Integrated,10.00
06-01-24,Jun-24,HeadCount,V33,Atyrau,Non-Integrated,66.00
06-01-24,Jun-24,HeadCount,V33,Farnborough,All,16.00
06-01-24,Jun-24,HeadCount,V33,Farnborough,Integrated,2.00
06-01-24,Jun-24,HeadCount,V33,Farnborough,Non-Integrated,14.00
06-01-24,Jun-24,HeadCount,V33,New Delhi,All,0.00
06-01-24,Jun-24,HeadCount,V33,New Delhi,Integrated,0.00
06-01-24,Jun-24,HeadCount,V33,New Delhi,Non-Integrated,0.00
06-01-24,Jun-24,HeadCount,V33,Offshore Other,All,0.00
06-01-24,Jun-24,HeadCount,V33,Offshore Other,Integrated,0.00
06-01-24,Jun-24,HeadCount,V33,Offshore Other,Non-Integrated,0.00
06-01-24,Jun-24,HeadCount,V33,Tengiz,All,201.00
06-01-24,Jun-24,HeadCount,V33,Tengiz,Integrated,174.00
06-01-24,Jun-24,HeadCount,V33,Tengiz,Non-Integrated,27.00
07-01-24,Jul-24,HeadCount,V33,Almaty,All,1.00
07-01-24,Jul-24,HeadCount,V33,Almaty,Integrated,0.00
07-01-24,Jul-24,HeadCount,V33,Almaty,Non-Integrated,1.00
07-01-24,Jul-24,HeadCount,V33,Atyrau,All,60.00
07-01-24,Jul-24,HeadCount,V33,Atyrau,Integrated,1.00
07-01-24,Jul-24,HeadCount,V33,Atyrau,Non-Integrated,59.00
07-01-24,Jul-24,HeadCount,V33,Farnborough,All,13.00
07-01-24,Jul-24,HeadCount,V33,Farnborough,Integrated,0.00
07-01-24,Jul-24,HeadCount,V33,Farnborough,Non-Integrated,13.00
07-01-24,Jul-24,HeadCount,V33,New Delhi,All,0.00
07-01-24,Jul-24,HeadCount,V33,New Delhi,Integrated,0.00
07-01-24,Jul-24,HeadCount,V33,New Delhi,Non-Integrated,0.00
07-01-24,Jul-24,HeadCount,V33,Offshore Other,All,0.00
07-01-24,Jul-24,HeadCount,V33,Offshore Other,Integrated,0.00
07-01-24,Jul-24,HeadCount,V33,Offshore Other,Non-Integrated,0.00
07-01-24,Jul-24,HeadCount,V33,Tengiz,All,51.00
07-01-24,Jul-24,HeadCount,V33,Tengiz,Integrated,35.00
07-01-24,Jul-24,HeadCount,V33,Tengiz,Non-Integrated,16.00
08-01-24,Aug-24,HeadCount,V33,Almaty,All,1.00
08-01-24,Aug-24,HeadCount,V33,Almaty,Integrated,0.00
08-01-24,Aug-24,HeadCount,V33,Almaty,Non-Integrated,1.00
08-01-24,Aug-24,HeadCount,V33,Atyrau,All,50.00
08-01-24,Aug-24,HeadCount,V33,Atyrau,Integrated,1.00
08-01-24,Aug-24,HeadCount,V33,Atyrau,Non-Integrated,49.00
08-01-24,Aug-24,HeadCount,V33,Farnborough,All,13.00
08-01-24,Aug-24,HeadCount,V33,Farnborough,Integrated,0.00
08-01-24,Aug-24,HeadCount,V33,Farnborough,Non-Integrated,13.00
08-01-24,Aug-24,HeadCount,V33,New Delhi,All,0.00
08-01-24,Aug-24,HeadCount,V33,New Delhi,Integrated,0.00
08-01-24,Aug-24,HeadCount,V33,New Delhi,Non-Integrated,0.00
08-01-24,Aug-24,HeadCount,V33,Offshore Other,All,0.00
08-01-24,Aug-24,HeadCount,V33,Offshore Other,Integrated,0.00
08-01-24,Aug-24,HeadCount,V33,Offshore Other,Non-Integrated,0.00
08-01-24,Aug-24,HeadCount,V33,Tengiz,All,43.00
08-01-24,Aug-24,HeadCount,V33,Tengiz,Integrated,33.00
08-01-24,Aug-24,HeadCount,V33,Tengiz,Non-Integrated,10.00
09-01-24,Sep-24,HeadCount,V33,Almaty,All,1.00
09-01-24,Sep-24,HeadCount,V33,Almaty,Integrated,0.00
09-01-24,Sep-24,HeadCount,V33,Almaty,Non-Integrated,1.00
09-01-24,Sep-24,HeadCount,V33,Atyrau,All,18.00
09-01-24,Sep-24,HeadCount,V33,Atyrau,Integrated,1.00
09-01-24,Sep-24,HeadCount,V33,Atyrau,Non-Integrated,17.00
09-01-24,Sep-24,HeadCount,V33,Farnborough,All,9.00
09-01-24,Sep-24,HeadCount,V33,Farnborough,Integrated,0.00
09-01-24,Sep-24,HeadCount,V33,Farnborough,Non-Integrated,9.00
09-01-24,Sep-24,HeadCount,V33,New Delhi,All,0.00
09-01-24,Sep-24,HeadCount,V33,New Delhi,Integrated,0.00
09-01-24,Sep-24,HeadCount,V33,New Delhi,Non-Integrated,0.00
09-01-24,Sep-24,HeadCount,V33,Offshore Other,All,0.00
09-01-24,Sep-24,HeadCount,V33,Offshore Other,Integrated,0.00
09-01-24,Sep-24,HeadCount,V33,Offshore Other,Non-Integrated,0.00
09-01-24,Sep-24,HeadCount,V33,Tengiz,All,34.00
09-01-24,Sep-24,HeadCount,V33,Tengiz,Integrated,27.00
09-01-24,Sep-24,HeadCount,V33,Tengiz,Non-Integrated,7.00
10-01-24,Oct-24,HeadCount,V33,Almaty,All,0.00
10-01-24,Oct-24,HeadCount,V33,Almaty,Integrated,0.00
10-01-24,Oct-24,HeadCount,V33,Almaty,Non-Integrated,0.00
10-01-24,Oct-24,HeadCount,V33,Atyrau,All,1.00
10-01-24,Oct-24,HeadCount,V33,Atyrau,Integrated,1.00
10-01-24,Oct-24,HeadCount,V33,Atyrau,Non-Integrated,0.00
10-01-24,Oct-24,HeadCount,V33,Farnborough,All,0.00
10-01-24,Oct-24,HeadCount,V33,Farnborough,Integrated,0.00
10-01-24,Oct-24,HeadCount,V33,Farnborough,Non-Integrated,0.00
10-01-24,Oct-24,HeadCount,V33,New Delhi,All,0.00
10-01-24,Oct-24,HeadCount,V33,New Delhi,Integrated,0.00
10-01-24,Oct-24,HeadCount,V33,New Delhi,Non-Integrated,0.00
10-01-24,Oct-24,HeadCount,V33,Offshore Other,All,0.00
10-01-24,Oct-24,HeadCount,V33,Offshore Other,Integrated,0.00
10-01-24,Oct-24,HeadCount,V33,Offshore Other,Non-Integrated,0.00
10-01-24,Oct-24,HeadCount,V33,Tengiz,All,15.00
10-01-24,Oct-24,HeadCount,V33,Tengiz,Integrated,11.00
10-01-24,Oct-24,HeadCount,V33,Tengiz,Non-Integrated,4.00
11-01-24,Nov-24,HeadCount,V33,Almaty,All,0.00
11-01-24,Nov-24,HeadCount,V33,Almaty,Integrated,0.00
11-01-24,Nov-24,HeadCount,V33,Almaty,Non-Integrated,0.00
11-01-24,Nov-24,HeadCount,V33,Atyrau,All,0.00
11-01-24,Nov-24,HeadCount,V33,Atyrau,Integrated,0.00
11-01-24,Nov-24,HeadCount,V33,Atyrau,Non-Integrated,0.00
11-01-24,Nov-24,HeadCount,V33,Farnborough,All,0.00
11-01-24,Nov-24,HeadCount,V33,Farnborough,Integrated,0.00
11-01-24,Nov-24,HeadCount,V33,Farnborough,Non-Integrated,0.00
11-01-24,Nov-24,HeadCount,V33,New Delhi,All,0.00
11-01-24,Nov-24,HeadCount,V33,New Delhi,Integrated,0.00
11-01-24,Nov-24,HeadCount,V33,New Delhi,Non-Integrated,0.00
11-01-24,Nov-24,HeadCount,V33,Offshore Other,All,0.00
11-01-24,Nov-24,HeadCount,V33,Offshore Other,Integrated,0.00
11-01-24,Nov-24,HeadCount,V33,Offshore Other,Non-Integrated,0.00
11-01-24,Nov-24,HeadCount,V33,Tengiz,All,10.00
11-01-24,Nov-24,HeadCount,V33,Tengiz,Integrated,6.00
11-01-24,Nov-24,HeadCount,V33,Tengiz,Non-Integrated,4.00
12-01-24,Dec-24,HeadCount,V33,Almaty,All,0.00
12-01-24,Dec-24,HeadCount,V33,Almaty,Integrated,0.00
12-01-24,Dec-24,HeadCount,V33,Almaty,Non-Integrated,0.00
12-01-24,Dec-24,HeadCount,V33,Atyrau,All,0.00
12-01-24,Dec-24,HeadCount,V33,Atyrau,Integrated,0.00
12-01-24,Dec-24,HeadCount,V33,Atyrau,Non-Integrated,0.00
12-01-24,Dec-24,HeadCount,V33,Farnborough,All,0.00
12-01-24,Dec-24,HeadCount,V33,Farnborough,Integrated,0.00
12-01-24,Dec-24,HeadCount,V33,Farnborough,Non-Integrated,0.00
12-01-24,Dec-24,HeadCount,V33,New Delhi,All,0.00
12-01-24,Dec-24,HeadCount,V33,New Delhi,Integrated,0.00
12-01-24,Dec-24,HeadCount,V33,New Delhi,Non-Integrated,0.00
12-01-24,Dec-24,HeadCount,V33,Offshore Other,All,0.00
12-01-24,Dec-24,HeadCount,V33,Offshore Other,Integrated,0.00
12-01-24,Dec-24,HeadCount,V33,Offshore Other,Non-Integrated,0.00
12-01-24,Dec-24,HeadCount,V33,Tengiz,All,7.00
12-01-24,Dec-24,HeadCount,V33,Tengiz,Integrated,5.00
12-01-24,Dec-24,HeadCount,V33,Tengiz,Non-Integrated,2.00
01-01-25,Jan-25,HeadCount,V33,Almaty,All,0.00
01-01-25,Jan-25,HeadCount,V33,Almaty,Integrated,0.00
01-01-25,Jan-25,HeadCount,V33,Almaty,Non-Integrated,0.00
01-01-25,Jan-25,HeadCount,V33,Atyrau,All,0.00
01-01-25,Jan-25,HeadCount,V33,Atyrau,Integrated,0.00
01-01-25,Jan-25,HeadCount,V33,Atyrau,Non-Integrated,0.00
01-01-25,Jan-25,HeadCount,V33,Farnborough,All,0.00
01-01-25,Jan-25,HeadCount,V33,Farnborough,Integrated,0.00
01-01-25,Jan-25,HeadCount,V33,Farnborough,Non-Integrated,0.00
01-01-25,Jan-25,HeadCount,V33,New Delhi,All,0.00
01-01-25,Jan-25,HeadCount,V33,New Delhi,Integrated,0.00
01-01-25,Jan-25,HeadCount,V33,New Delhi,Non-Integrated,0.00
01-01-25,Jan-25,HeadCount,V33,Offshore Other,All,0.00
01-01-25,Jan-25,HeadCount,V33,Offshore Other,Integrated,0.00
01-01-25,Jan-25,HeadCount,V33,Offshore Other,Non-Integrated,0.00
01-01-25,Jan-25,HeadCount,V33,Tengiz,All,0.00
01-01-25,Jan-25,HeadCount,V33,Tengiz,Integrated,0.00
01-01-25,Jan-25,HeadCount,V33,Tengiz,Non-Integrated,0.00
02-01-25,Feb-25,HeadCount,V33,Almaty,All,0.00
02-01-25,Feb-25,HeadCount,V33,Almaty,Integrated,0.00
02-01-25,Feb-25,HeadCount,V33,Almaty,Non-Integrated,0.00
02-01-25,Feb-25,HeadCount,V33,Atyrau,All,0.00
02-01-25,Feb-25,HeadCount,V33,Atyrau,Integrated,0.00
02-01-25,Feb-25,HeadCount,V33,Atyrau,Non-Integrated,0.00
02-01-25,Feb-25,HeadCount,V33,Farnborough,All,0.00
02-01-25,Feb-25,HeadCount,V33,Farnborough,Integrated,0.00
02-01-25,Feb-25,HeadCount,V33,Farnborough,Non-Integrated,0.00
02-01-25,Feb-25,HeadCount,V33,New Delhi,All,0.00
02-01-25,Feb-25,HeadCount,V33,New Delhi,Integrated,0.00
02-01-25,Feb-25,HeadCount,V33,New Delhi,Non-Integrated,0.00
02-01-25,Feb-25,HeadCount,V33,Offshore Other,All,0.00
02-01-25,Feb-25,HeadCount,V33,Offshore Other,Integrated,0.00
02-01-25,Feb-25,HeadCount,V33,Offshore Other,Non-Integrated,0.00
02-01-25,Feb-25,HeadCount,V33,Tengiz,All,0.00
02-01-25,Feb-25,HeadCount,V33,Tengiz,Integrated,0.00
02-01-25,Feb-25,HeadCount,V33,Tengiz,Non-Integrated,0.00
03-01-25,Mar-25,HeadCount,V33,Almaty,All,0.00
03-01-25,Mar-25,HeadCount,V33,Almaty,Integrated,0.00
03-01-25,Mar-25,HeadCount,V33,Almaty,Non-Integrated,0.00
03-01-25,Mar-25,HeadCount,V33,Atyrau,All,0.00
03-01-25,Mar-25,HeadCount,V33,Atyrau,Integrated,0.00
03-01-25,Mar-25,HeadCount,V33,Atyrau,Non-Integrated,0.00
03-01-25,Mar-25,HeadCount,V33,Farnborough,All,0.00
03-01-25,Mar-25,HeadCount,V33,Farnborough,Integrated,0.00
03-01-25,Mar-25,HeadCount,V33,Farnborough,Non-Integrated,0.00
03-01-25,Mar-25,HeadCount,V33,New Delhi,All,0.00
03-01-25,Mar-25,HeadCount,V33,New Delhi,Integrated,0.00
03-01-25,Mar-25,HeadCount,V33,New Delhi,Non-Integrated,0.00
03-01-25,Mar-25,HeadCount,V33,Offshore Other,All,0.00
03-01-25,Mar-25,HeadCount,V33,Offshore Other,Integrated,0.00
03-01-25,Mar-25,HeadCount,V33,Offshore Other,Non-Integrated,0.00
03-01-25,Mar-25,HeadCount,V33,Tengiz,All,0.00
03-01-25,Mar-25,HeadCount,V33,Tengiz,Integrated,0.00
03-01-25,Mar-25,HeadCount,V33,Tengiz,Non-Integrated,0.00
04-01-25,Apr-25,HeadCount,V33,Almaty,All,0.00
04-01-25,Apr-25,HeadCount,V33,Almaty,Integrated,0.00
04-01-25,Apr-25,HeadCount,V33,Almaty,Non-Integrated,0.00
04-01-25,Apr-25,HeadCount,V33,Atyrau,All,0.00
04-01-25,Apr-25,HeadCount,V33,Atyrau,Integrated,0.00
04-01-25,Apr-25,HeadCount,V33,Atyrau,Non-Integrated,0.00
04-01-25,Apr-25,HeadCount,V33,Farnborough,All,0.00
04-01-25,Apr-25,HeadCount,V33,Farnborough,Integrated,0.00
04-01-25,Apr-25,HeadCount,V33,Farnborough,Non-Integrated,0.00
04-01-25,Apr-25,HeadCount,V33,New Delhi,All,0.00
04-01-25,Apr-25,HeadCount,V33,New Delhi,Integrated,0.00
04-01-25,Apr-25,HeadCount,V33,New Delhi,Non-Integrated,0.00
04-01-25,Apr-25,HeadCount,V33,Offshore Other,All,0.00
04-01-25,Apr-25,HeadCount,V33,Offshore Other,Integrated,0.00
04-01-25,Apr-25,HeadCount,V33,Offshore Other,Non-Integrated,0.00
04-01-25,Apr-25,HeadCount,V33,Tengiz,All,0.00
04-01-25,Apr-25,HeadCount,V33,Tengiz,Integrated,0.00
04-01-25,Apr-25,HeadCount,V33,Tengiz,Non-Integrated,0.00
01-01-24,Jan-24,Hours,V33,Almaty,All,248.00
01-01-24,Jan-24,Hours,V33,Almaty,Integrated,0.00
01-01-24,Jan-24,Hours,V33,Almaty,Non-Integrated,248.00
01-01-24,Jan-24,Hours,V33,Atyrau,All,18540.00
01-01-24,Jan-24,Hours,V33,Atyrau,Integrated,1736.00
01-01-24,Jan-24,Hours,V33,Atyrau,Non-Integrated,16804.00
01-01-24,Jan-24,Hours,V33,Farnborough,All,5072.09
01-01-24,Jan-24,Hours,V33,Farnborough,Integrated,128.35
01-01-24,Jan-24,Hours,V33,Farnborough,Non-Integrated,4943.74
01-01-24,Jan-24,Hours,V33,New Delhi,All,302.40
01-01-24,Jan-24,Hours,V33,New Delhi,Integrated,0.00
01-01-24,Jan-24,Hours,V33,New Delhi,Non-Integrated,302.40
01-01-24,Jan-24,Hours,V33,Offshore Other,All,12.40
01-01-24,Jan-24,Hours,V33,Offshore Other,Integrated,0.00
01-01-24,Jan-24,Hours,V33,Offshore Other,Non-Integrated,12.40
01-01-24,Jan-24,Hours,V33,Tengiz,All,57070.00
01-01-24,Jan-24,Hours,V33,Tengiz,Integrated,41457.00
01-01-24,Jan-24,Hours,V33,Tengiz,Non-Integrated,15613.00
02-01-24,Feb-24,Hours,V33,Almaty,All,296.00
02-01-24,Feb-24,Hours,V33,Almaty,Integrated,0.00
02-01-24,Feb-24,Hours,V33,Almaty,Non-Integrated,296.00
02-01-24,Feb-24,Hours,V33,Atyrau,All,21600.00
02-01-24,Feb-24,Hours,V33,Atyrau,Integrated,2072.00
02-01-24,Feb-24,Hours,V33,Atyrau,Non-Integrated,19528.00
02-01-24,Feb-24,Hours,V33,Farnborough,All,5261.00
02-01-24,Feb-24,Hours,V33,Farnborough,Integrated,136.00
02-01-24,Feb-24,Hours,V33,Farnborough,Non-Integrated,5125.00
02-01-24,Feb-24,Hours,V33,New Delhi,All,302.40
02-01-24,Feb-24,Hours,V33,New Delhi,Integrated,0.00
02-01-24,Feb-24,Hours,V33,New Delhi,Non-Integrated,302.40
02-01-24,Feb-24,Hours,V33,Offshore Other,All,14.80
02-01-24,Feb-24,Hours,V33,Offshore Other,Integrated,0.00
02-01-24,Feb-24,Hours,V33,Offshore Other,Non-Integrated,14.80
02-01-24,Feb-24,Hours,V33,Tengiz,All,53443.00
02-01-24,Feb-24,Hours,V33,Tengiz,Integrated,40248.00
02-01-24,Feb-24,Hours,V33,Tengiz,Non-Integrated,13195.00
03-01-24,Mar-24,Hours,V33,Almaty,All,306.00
03-01-24,Mar-24,Hours,V33,Almaty,Integrated,0.00
03-01-24,Mar-24,Hours,V33,Almaty,Non-Integrated,306.00
03-01-24,Mar-24,Hours,V33,Atyrau,All,21078.00
03-01-24,Mar-24,Hours,V33,Atyrau,Integrated,1989.00
03-01-24,Mar-24,Hours,V33,Atyrau,Non-Integrated,19089.00
03-01-24,Mar-24,Hours,V33,Farnborough,All,6251.70
03-01-24,Mar-24,Hours,V33,Farnborough,Integrated,165.75
03-01-24,Mar-24,Hours,V33,Farnborough,Non-Integrated,6085.95
03-01-24,Mar-24,Hours,V33,New Delhi,All,204.00
03-01-24,Mar-24,Hours,V33,New Delhi,Integrated,0.00
03-01-24,Mar-24,Hours,V33,New Delhi,Non-Integrated,204.00
03-01-24,Mar-24,Hours,V33,Offshore Other,All,15.30
03-01-24,Mar-24,Hours,V33,Offshore Other,Integrated,0.00
03-01-24,Mar-24,Hours,V33,Offshore Other,Non-Integrated,15.30
03-01-24,Mar-24,Hours,V33,Tengiz,All,59930.00
03-01-24,Mar-24,Hours,V33,Tengiz,Integrated,47385.00
03-01-24,Mar-24,Hours,V33,Tengiz,Non-Integrated,12545.00
04-01-24,Apr-24,Hours,V33,Almaty,All,296.00
04-01-24,Apr-24,Hours,V33,Almaty,Integrated,0.00
04-01-24,Apr-24,Hours,V33,Almaty,Non-Integrated,296.00
04-01-24,Apr-24,Hours,V33,Atyrau,All,17720.00
04-01-24,Apr-24,Hours,V33,Atyrau,Integrated,1480.00
04-01-24,Apr-24,Hours,V33,Atyrau,Non-Integrated,16240.00
04-01-24,Apr-24,Hours,V33,Farnborough,All,3898.82
04-01-24,Apr-24,Hours,V33,Farnborough,Integrated,128.35
04-01-24,Apr-24,Hours,V33,Farnborough,Non-Integrated,3770.47
04-01-24,Apr-24,Hours,V33,New Delhi,All,80.00
04-01-24,Apr-24,Hours,V33,New Delhi,Integrated,0.00
04-01-24,Apr-24,Hours,V33,New Delhi,Non-Integrated,80.00
04-01-24,Apr-24,Hours,V33,Offshore Other,All,14.80
04-01-24,Apr-24,Hours,V33,Offshore Other,Integrated,0.00
04-01-24,Apr-24,Hours,V33,Offshore Other,Non-Integrated,14.80
04-01-24,Apr-24,Hours,V33,Tengiz,All,37999.00
04-01-24,Apr-24,Hours,V33,Tengiz,Integrated,31512.00
04-01-24,Apr-24,Hours,V33,Tengiz,Non-Integrated,6487.00
05-01-24,May-24,Hours,V33,Almaty,All,124.00
05-01-24,May-24,Hours,V33,Almaty,Integrated,0.00
05-01-24,May-24,Hours,V33,Almaty,Non-Integrated,124.00
05-01-24,May-24,Hours,V33,Atyrau,All,12196.00
05-01-24,May-24,Hours,V33,Atyrau,Integrated,1240.00
05-01-24,May-24,Hours,V33,Atyrau,Non-Integrated,10956.00
05-01-24,May-24,Hours,V33,Farnborough,All,3299.35
05-01-24,May-24,Hours,V33,Farnborough,Integrated,128.35
05-01-24,May-24,Hours,V33,Farnborough,Non-Integrated,3171.00
05-01-24,May-24,Hours,V33,New Delhi,All,80.00
05-01-24,May-24,Hours,V33,New Delhi,Integrated,0.00
05-01-24,May-24,Hours,V33,New Delhi,Non-Integrated,80.00
05-01-24,May-24,Hours,V33,Offshore Other,All,12.40
05-01-24,May-24,Hours,V33,Offshore Other,Integrated,0.00
05-01-24,May-24,Hours,V33,Offshore Other,Non-Integrated,12.40
05-01-24,May-24,Hours,V33,Tengiz,All,33579.00
05-01-24,May-24,Hours,V33,Tengiz,Integrated,29250.00
05-01-24,May-24,Hours,V33,Tengiz,Non-Integrated,4329.00
06-01-24,Jun-24,Hours,V33,Almaty,All,185.00
06-01-24,Jun-24,Hours,V33,Almaty,Integrated,0.00
06-01-24,Jun-24,Hours,V33,Almaty,Non-Integrated,185.00
06-01-24,Jun-24,Hours,V33,Atyrau,All,14032.00
06-01-24,Jun-24,Hours,V33,Atyrau,Integrated,1702.00
06-01-24,Jun-24,Hours,V33,Atyrau,Non-Integrated,12330.00
06-01-24,Jun-24,Hours,V33,Farnborough,All,2068.22
06-01-24,Jun-24,Hours,V33,Farnborough,Integrated,158.95
06-01-24,Jun-24,Hours,V33,Farnborough,Non-Integrated,1909.27
06-01-24,Jun-24,Hours,V33,New Delhi,All,0.00
06-01-24,Jun-24,Hours,V33,New Delhi,Integrated,0.00
06-01-24,Jun-24,Hours,V33,New Delhi,Non-Integrated,0.00
06-01-24,Jun-24,Hours,V33,Offshore Other,All,0.00
06-01-24,Jun-24,Hours,V33,Offshore Other,Integrated,0.00
06-01-24,Jun-24,Hours,V33,Offshore Other,Non-Integrated,0.00
06-01-24,Jun-24,Hours,V33,Tengiz,All,31005.00
06-01-24,Jun-24,Hours,V33,Tengiz,Integrated,26481.00
06-01-24,Jun-24,Hours,V33,Tengiz,Non-Integrated,4524.00
07-01-24,Jul-24,Hours,V33,Almaty,All,136.00
07-01-24,Jul-24,Hours,V33,Almaty,Integrated,0.00
07-01-24,Jul-24,Hours,V33,Almaty,Non-Integrated,136.00
07-01-24,Jul-24,Hours,V33,Atyrau,All,8292.00
07-01-24,Jul-24,Hours,V33,Atyrau,Integrated,136.00
07-01-24,Jul-24,Hours,V33,Atyrau,Non-Integrated,8156.00
07-01-24,Jul-24,Hours,V33,Farnborough,All,1491.20
07-01-24,Jul-24,Hours,V33,Farnborough,Integrated,0.00
07-01-24,Jul-24,Hours,V33,Farnborough,Non-Integrated,1491.20
07-01-24,Jul-24,Hours,V33,New Delhi,All,0.00
07-01-24,Jul-24,Hours,V33,New Delhi,Integrated,0.00
07-01-24,Jul-24,Hours,V33,New Delhi,Non-Integrated,0.00
07-01-24,Jul-24,Hours,V33,Offshore Other,All,0.00
07-01-24,Jul-24,Hours,V33,Offshore Other,Integrated,0.00
07-01-24,Jul-24,Hours,V33,Offshore Other,Non-Integrated,0.00
07-01-24,Jul-24,Hours,V33,Tengiz,All,7800.00
07-01-24,Jul-24,Hours,V33,Tengiz,Integrated,5304.00
07-01-24,Jul-24,Hours,V33,Tengiz,Non-Integrated,2496.00
08-01-24,Aug-24,Hours,V33,Almaty,All,140.00
08-01-24,Aug-24,Hours,V33,Almaty,Integrated,0.00
08-01-24,Aug-24,Hours,V33,Almaty,Non-Integrated,140.00
08-01-24,Aug-24,Hours,V33,Atyrau,All,7120.00
08-01-24,Aug-24,Hours,V33,Atyrau,Integrated,140.00
08-01-24,Aug-24,Hours,V33,Atyrau,Non-Integrated,6980.00
08-01-24,Aug-24,Hours,V33,Farnborough,All,1491.20
08-01-24,Aug-24,Hours,V33,Farnborough,Integrated,0.00
08-01-24,Aug-24,Hours,V33,Farnborough,Non-Integrated,1491.20
08-01-24,Aug-24,Hours,V33,New Delhi,All,0.00
08-01-24,Aug-24,Hours,V33,New Delhi,Integrated,0.00
08-01-24,Aug-24,Hours,V33,New Delhi,Non-Integrated,0.00
08-01-24,Aug-24,Hours,V33,Offshore Other,All,0.00
08-01-24,Aug-24,Hours,V33,Offshore Other,Integrated,0.00
08-01-24,Aug-24,Hours,V33,Offshore Other,Non-Integrated,0.00
08-01-24,Aug-24,Hours,V33,Tengiz,All,5889.00
08-01-24,Aug-24,Hours,V33,Tengiz,Integrated,4446.00
08-01-24,Aug-24,Hours,V33,Tengiz,Non-Integrated,1443.00
09-01-24,Sep-24,Hours,V33,Almaty,All,177.00
09-01-24,Sep-24,Hours,V33,Almaty,Integrated,0.00
09-01-24,Sep-24,Hours,V33,Almaty,Non-Integrated,177.00
09-01-24,Sep-24,Hours,V33,Atyrau,All,3330.00
09-01-24,Sep-24,Hours,V33,Atyrau,Integrated,177.00
09-01-24,Sep-24,Hours,V33,Atyrau,Non-Integrated,3153.00
09-01-24,Sep-24,Hours,V33,Farnborough,All,1123.20
09-01-24,Sep-24,Hours,V33,Farnborough,Integrated,0.00
09-01-24,Sep-24,Hours,V33,Farnborough,Non-Integrated,1123.20
09-01-24,Sep-24,Hours,V33,New Delhi,All,0.00
09-01-24,Sep-24,Hours,V33,New Delhi,Integrated,0.00
09-01-24,Sep-24,Hours,V33,New Delhi,Non-Integrated,0.00
09-01-24,Sep-24,Hours,V33,Offshore Other,All,0.00
09-01-24,Sep-24,Hours,V33,Offshore Other,Integrated,0.00
09-01-24,Sep-24,Hours,V33,Offshore Other,Non-Integrated,0.00
09-01-24,Sep-24,Hours,V33,Tengiz,All,4992.00
09-01-24,Sep-24,Hours,V33,Tengiz,Integrated,3783.00
09-01-24,Sep-24,Hours,V33,Tengiz,Non-Integrated,1209.00
10-01-24,Oct-24,Hours,V33,Almaty,All,0.00
10-01-24,Oct-24,Hours,V33,Almaty,Integrated,0.00
10-01-24,Oct-24,Hours,V33,Almaty,Non-Integrated,0.00
10-01-24,Oct-24,Hours,V33,Atyrau,All,0.00
10-01-24,Oct-24,Hours,V33,Atyrau,Integrated,0.00
10-01-24,Oct-24,Hours,V33,Atyrau,Non-Integrated,0.00
10-01-24,Oct-24,Hours,V33,Farnborough,All,0.00
10-01-24,Oct-24,Hours,V33,Farnborough,Integrated,0.00
10-01-24,Oct-24,Hours,V33,Farnborough,Non-Integrated,0.00
10-01-24,Oct-24,Hours,V33,New Delhi,All,0.00
10-01-24,Oct-24,Hours,V33,New Delhi,Integrated,0.00
10-01-24,Oct-24,Hours,V33,New Delhi,Non-Integrated,0.00
10-01-24,Oct-24,Hours,V33,Offshore Other,All,0.00
10-01-24,Oct-24,Hours,V33,Offshore Other,Integrated,0.00
10-01-24,Oct-24,Hours,V33,Offshore Other,Non-Integrated,0.00
10-01-24,Oct-24,Hours,V33,Tengiz,All,2028.00
10-01-24,Oct-24,Hours,V33,Tengiz,Integrated,1404.00
10-01-24,Oct-24,Hours,V33,Tengiz,Non-Integrated,624.00
11-01-24,Nov-24,Hours,V33,Almaty,All,0.00
11-01-24,Nov-24,Hours,V33,Almaty,Integrated,0.00
11-01-24,Nov-24,Hours,V33,Almaty,Non-Integrated,0.00
11-01-24,Nov-24,Hours,V33,Atyrau,All,0.00
11-01-24,Nov-24,Hours,V33,Atyrau,Integrated,0.00
11-01-24,Nov-24,Hours,V33,Atyrau,Non-Integrated,0.00
11-01-24,Nov-24,Hours,V33,Farnborough,All,0.00
11-01-24,Nov-24,Hours,V33,Farnborough,Integrated,0.00
11-01-24,Nov-24,Hours,V33,Farnborough,Non-Integrated,0.00
11-01-24,Nov-24,Hours,V33,New Delhi,All,0.00
11-01-24,Nov-24,Hours,V33,New Delhi,Integrated,0.00
11-01-24,Nov-24,Hours,V33,New Delhi,Non-Integrated,0.00
11-01-24,Nov-24,Hours,V33,Offshore Other,All,0.00
11-01-24,Nov-24,Hours,V33,Offshore Other,Integrated,0.00
11-01-24,Nov-24,Hours,V33,Offshore Other,Non-Integrated,0.00
11-01-24,Nov-24,Hours,V33,Tengiz,All,1560.00
11-01-24,Nov-24,Hours,V33,Tengiz,Integrated,936.00
11-01-24,Nov-24,Hours,V33,Tengiz,Non-Integrated,624.00
12-01-24,Dec-24,Hours,V33,Almaty,All,0.00
12-01-24,Dec-24,Hours,V33,Almaty,Integrated,0.00
12-01-24,Dec-24,Hours,V33,Almaty,Non-Integrated,0.00
12-01-24,Dec-24,Hours,V33,Atyrau,All,0.00
12-01-24,Dec-24,Hours,V33,Atyrau,Integrated,0.00
12-01-24,Dec-24,Hours,V33,Atyrau,Non-Integrated,0.00
12-01-24,Dec-24,Hours,V33,Farnborough,All,0.00
12-01-24,Dec-24,Hours,V33,Farnborough,Integrated,0.00
12-01-24,Dec-24,Hours,V33,Farnborough,Non-Integrated,0.00
12-01-24,Dec-24,Hours,V33,New Delhi,All,0.00
12-01-24,Dec-24,Hours,V33,New Delhi,Integrated,0.00
12-01-24,Dec-24,Hours,V33,New Delhi,Non-Integrated,0.00
12-01-24,Dec-24,Hours,V33,Offshore Other,All,0.00
12-01-24,Dec-24,Hours,V33,Offshore Other,Integrated,0.00
12-01-24,Dec-24,Hours,V33,Offshore Other,Non-Integrated,0.00
12-01-24,Dec-24,Hours,V33,Tengiz,All,1209.00
12-01-24,Dec-24,Hours,V33,Tengiz,Integrated,819.00
12-01-24,Dec-24,Hours,V33,Tengiz,Non-Integrated,390.00
01-01-25,Jan-25,Hours,V33,Almaty,All,0.00
01-01-25,Jan-25,Hours,V33,Almaty,Integrated,0.00
01-01-25,Jan-25,Hours,V33,Almaty,Non-Integrated,0.00
01-01-25,Jan-25,Hours,V33,Atyrau,All,0.00
01-01-25,Jan-25,Hours,V33,Atyrau,Integrated,0.00
01-01-25,Jan-25,Hours,V33,Atyrau,Non-Integrated,0.00
01-01-25,Jan-25,Hours,V33,Farnborough,All,0.00
01-01-25,Jan-25,Hours,V33,Farnborough,Integrated,0.00
01-01-25,Jan-25,Hours,V33,Farnborough,Non-Integrated,0.00
01-01-25,Jan-25,Hours,V33,New Delhi,All,0.00
01-01-25,Jan-25,Hours,V33,New Delhi,Integrated,0.00
01-01-25,Jan-25,Hours,V33,New Delhi,Non-Integrated,0.00
01-01-25,Jan-25,Hours,V33,Offshore Other,All,0.00
01-01-25,Jan-25,Hours,V33,Offshore Other,Integrated,0.00
01-01-25,Jan-25,Hours,V33,Offshore Other,Non-Integrated,0.00
01-01-25,Jan-25,Hours,V33,Tengiz,All,0.00
01-01-25,Jan-25,Hours,V33,Tengiz,Integrated,0.00
01-01-25,Jan-25,Hours,V33,Tengiz,Non-Integrated,0.00
02-01-25,Feb-25,Hours,V33,Almaty,All,0.00
02-01-25,Feb-25,Hours,V33,Almaty,Integrated,0.00
02-01-25,Feb-25,Hours,V33,Almaty,Non-Integrated,0.00
02-01-25,Feb-25,Hours,V33,Atyrau,All,0.00
02-01-25,Feb-25,Hours,V33,Atyrau,Integrated,0.00
02-01-25,Feb-25,Hours,V33,Atyrau,Non-Integrated,0.00
02-01-25,Feb-25,Hours,V33,Farnborough,All,0.00
02-01-25,Feb-25,Hours,V33,Farnborough,Integrated,0.00
02-01-25,Feb-25,Hours,V33,Farnborough,Non-Integrated,0.00
02-01-25,Feb-25,Hours,V33,New Delhi,All,0.00
02-01-25,Feb-25,Hours,V33,New Delhi,Integrated,0.00
02-01-25,Feb-25,Hours,V33,New Delhi,Non-Integrated,0.00
02-01-25,Feb-25,Hours,V33,Offshore Other,All,0.00
02-01-25,Feb-25,Hours,V33,Offshore Other,Integrated,0.00
02-01-25,Feb-25,Hours,V33,Offshore Other,Non-Integrated,0.00
02-01-25,Feb-25,Hours,V33,Tengiz,All,0.00
02-01-25,Feb-25,Hours,V33,Tengiz,Integrated,0.00
02-01-25,Feb-25,Hours,V33,Tengiz,Non-Integrated,0.00
03-01-25,Mar-25,Hours,V33,Almaty,All,0.00
03-01-25,Mar-25,Hours,V33,Almaty,Integrated,0.00
03-01-25,Mar-25,Hours,V33,Almaty,Non-Integrated,0.00
03-01-25,Mar-25,Hours,V33,Atyrau,All,0.00
03-01-25,Mar-25,Hours,V33,Atyrau,Integrated,0.00
03-01-25,Mar-25,Hours,V33,Atyrau,Non-Integrated,0.00
03-01-25,Mar-25,Hours,V33,Farnborough,All,0.00
03-01-25,Mar-25,Hours,V33,Farnborough,Integrated,0.00
03-01-25,Mar-25,Hours,V33,Farnborough,Non-Integrated,0.00
03-01-25,Mar-25,Hours,V33,New Delhi,All,0.00
03-01-25,Mar-25,Hours,V33,New Delhi,Integrated,0.00
03-01-25,Mar-25,Hours,V33,New Delhi,Non-Integrated,0.00
03-01-25,Mar-25,Hours,V33,Offshore Other,All,0.00
03-01-25,Mar-25,Hours,V33,Offshore Other,Integrated,0.00
03-01-25,Mar-25,Hours,V33,Offshore Other,Non-Integrated,0.00
03-01-25,Mar-25,Hours,V33,Tengiz,All,0.00
03-01-25,Mar-25,Hours,V33,Tengiz,Integrated,0.00
03-01-25,Mar-25,Hours,V33,Tengiz,Non-Integrated,0.00
04-01-25,Apr-25,Hours,V33,Almaty,All,0.00
04-01-25,Apr-25,Hours,V33,Almaty,Integrated,0.00
04-01-25,Apr-25,Hours,V33,Almaty,Non-Integrated,0.00
04-01-25,Apr-25,Hours,V33,Atyrau,All,0.00
04-01-25,Apr-25,Hours,V33,Atyrau,Integrated,0.00
04-01-25,Apr-25,Hours,V33,Atyrau,Non-Integrated,0.00
04-01-25,Apr-25,Hours,V33,Farnborough,All,0.00
04-01-25,Apr-25,Hours,V33,Farnborough,Integrated,0.00
04-01-25,Apr-25,Hours,V33,Farnborough,Non-Integrated,0.00
04-01-25,Apr-25,Hours,V33,New Delhi,All,0.00
04-01-25,Apr-25,Hours,V33,New Delhi,Integrated,0.00
04-01-25,Apr-25,Hours,V33,New Delhi,Non-Integrated,0.00
04-01-25,Apr-25,Hours,V33,Offshore Other,All,0.00
04-01-25,Apr-25,Hours,V33,Offshore Other,Integrated,0.00
04-01-25,Apr-25,Hours,V33,Offshore Other,Non-Integrated,0.00
04-01-25,Apr-25,Hours,V33,Tengiz,All,0.00
04-01-25,Apr-25,Hours,V33,Tengiz,Integrated,0.00
04-01-25,Apr-25,Hours,V33,Tengiz,Non-Integrated,0.00
